Row ID,Order ID,Order Date,Region,Category,Sub-Category,Segment,Sales,Profit,Discount,Quantity
1,ORD-1000,2021-04-13,West,Office Supplies,Storage,Home Office,563.63,-3.6,0.3,2
2,ORD-1001,2022-03-12,West,Furniture,Bookcases,Consumer,469.28,117.16,0.2,6
3,ORD-1002,2023-05-11,Central,Technology,Accessories,Consumer,780.55,55.63,0.1,3
4,ORD-1003,2021-09-28,West,Furniture,Bookcases,Home Office,660.27,123.49,0.1,2
5,ORD-1004,2021-04-17,East,Office Supplies,Binders,Corporate,238.38,5.13,0.3,2
6,ORD-1005,2021-03-13,East,Technology,Phones,Consumer,272.47,13.58,0.2,4
7,ORD-1006,2022-12-02,West,Office Supplies,Storage,Consumer,209.08,42.27,0.2,6
8,ORD-1007,2021-01-21,South,Furniture,Chairs,Home Office,245.13,49.47,0.0,7
9,ORD-1008,2022-09-07,East,Office Supplies,Binders,Home Office,395.29,66.47,0.2,6
10,ORD-1009,2021-05-02,West,Furniture,Bookcases,Corporate,282.55,52.15,0.1,2
11,ORD-1010,2022-04-12,Central,Technology,Accessories,Home Office,792.17,202.3,0.0,4
12,ORD-1011,2021-08-03,Central,Office Supplies,Storage,Corporate,218.62,11.11,0.0,1
13,ORD-1012,2021-11-27,West,Technology,Phones,Consumer,484.6,68.73,0.3,3
14,ORD-1013,2022-04-04,East,Furniture,Chairs,Consumer,292.12,89.16,0.0,4
15,ORD-1014,2021-03-29,South,Technology,Phones,Corporate,772.72,231.72,0.1,3
16,ORD-1015,2022-01-08,West,Technology,Accessories,Consumer,751.91,55.47,0.3,1
17,ORD-1016,2021-04-10,South,Technology,Accessories,Consumer,598.07,20.59,0.1,5
18,ORD-1017,2023-05-22,West,Furniture,Bookcases,Corporate,129.02,35.5,0.0,4
19,ORD-1018,2022-10-26,Central,Technology,Accessories,Corporate,147.65,15.64,0.0,3
20,ORD-1019,2021-05-11,South,Furniture,Bookcases,Consumer,538.85,157.54,0.1,1
21,ORD-1020,2022-10-24,East,Office Supplies,Binders,Consumer,704.22,179.5,0.0,7
22,ORD-1021,2021-11-05,South,Furniture,Bookcases,Home Office,576.75,56.99,0.3,6
23,ORD-1022,2023-02-09,Central,Furniture,Bookcases,Corporate,441.03,62.1,0.2,1
24,ORD-1023,2021-12-10,South,Furniture,Chairs,Consumer,297.18,31.25,0.2,6
25,ORD-1024,2022-05-07,East,Office Supplies,Paper,Consumer,71.96,10.6,0.3,3
26,ORD-1025,2022-02-18,West,Office Supplies,Paper,Corporate,356.59,63.58,0.2,2
27,ORD-1026,2023-03-17,Central,Furniture,Chairs,Consumer,128.63,32.62,0.2,1
28,ORD-1027,2022-01-21,West,Office Supplies,Storage,Home Office,436.1,70.62,0.2,5
29,ORD-1028,2021-07-11,South,Office Supplies,Storage,Home Office,138.31,36.25,0.0,3
30,ORD-1029,2021-10-04,East,Office Supplies,Paper,Home Office,600.28,48.84,0.1,2
31,ORD-1030,2021-06-10,Central,Furniture,Chairs,Corporate,614.72,133.02,0.2,6
32,ORD-1031,2022-04-05,West,Technology,Machines,Consumer,660.58,68.47,0.2,5
33,ORD-1032,2021-11-10,Central,Office Supplies,Binders,Corporate,119.44,13.22,0.3,5
34,ORD-1033,2021-01-22,West,Furniture,Chairs,Home Office,399.36,70.56,0.3,2
35,ORD-1034,2021-09-10,Central,Office Supplies,Binders,Consumer,29.52,5.85,0.2,4
36,ORD-1035,2023-01-18,West,Office Supplies,Storage,Consumer,578.62,54.22,0.2,3
37,ORD-1036,2023-05-07,East,Office Supplies,Paper,Consumer,768.08,103.7,0.3,7
38,ORD-1037,2022-07-15,Central,Furniture,Bookcases,Consumer,380.36,77.78,0.1,2
39,ORD-1038,2022-04-20,South,Furniture,Tables,Home Office,477.26,23.98,0.1,1
40,ORD-1039,2021-02-28,Central,Furniture,Bookcases,Corporate,34.13,4.71,0.3,4
41,ORD-1040,2022-05-26,Central,Furniture,Tables,Corporate,460.8,90.79,0.3,5
42,ORD-1041,2022-11-13,South,Furniture,Chairs,Consumer,571.65,143.7,0.1,7
43,ORD-1042,2022-04-21,West,Office Supplies,Paper,Consumer,493.24,21.31,0.1,6
44,ORD-1043,2022-12-01,South,Office Supplies,Storage,Consumer,748.81,219.56,0.1,1
45,ORD-1044,2023-02-22,South,Technology,Machines,Corporate,108.33,10.8,0.0,4
46,ORD-1045,2021-07-09,East,Office Supplies,Binders,Home Office,117.24,17.54,0.0,6
47,ORD-1046,2022-11-18,Central,Furniture,Bookcases,Corporate,424.69,60.46,0.3,7
48,ORD-1047,2022-07-17,West,Office Supplies,Binders,Corporate,62.71,7.0,0.0,1
49,ORD-1048,2023-05-26,West,Office Supplies,Binders,Corporate,23.61,1.99,0.0,4
50,ORD-1049,2022-07-21,West,Furniture,Bookcases,Consumer,439.17,117.21,0.2,7
51,ORD-1050,2021-09-01,West,Office Supplies,Binders,Corporate,290.62,85.89,0.1,3
52,ORD-1051,2023-04-12,Central,Furniture,Tables,Home Office,45.62,1.47,0.2,1
53,ORD-1052,2022-05-20,West,Office Supplies,Paper,Corporate,408.73,12.33,0.1,1
54,ORD-1053,2021-05-11,West,Furniture,Chairs,Home Office,302.67,22.18,0.2,2
55,ORD-1054,2022-04-30,Central,Technology,Accessories,Consumer,30.21,6.18,0.0,1
56,ORD-1055,2023-03-30,Central,Furniture,Bookcases,Corporate,769.63,167.16,0.0,6
57,ORD-1056,2022-10-09,Central,Office Supplies,Storage,Corporate,86.57,9.12,0.0,7
58,ORD-1057,2021-01-21,East,Furniture,Bookcases,Corporate,484.4,81.96,0.0,3
59,ORD-1058,2023-04-21,Central,Furniture,Chairs,Consumer,183.73,17.42,0.2,6
60,ORD-1059,2021-06-16,Central,Technology,Accessories,Corporate,168.74,27.56,0.0,3
61,ORD-1060,2021-10-01,West,Technology,Phones,Corporate,71.25,16.69,0.1,2
62,ORD-1061,2022-01-23,Central,Furniture,Tables,Home Office,429.02,44.76,0.3,6
63,ORD-1062,2022-08-24,West,Office Supplies,Paper,Home Office,456.52,9.54,0.2,5
64,ORD-1063,2021-11-12,West,Furniture,Bookcases,Home Office,78.89,8.05,0.2,2
65,ORD-1064,2021-01-14,South,Office Supplies,Storage,Corporate,720.0,102.69,0.1,7
66,ORD-1065,2021-08-30,East,Office Supplies,Paper,Consumer,783.57,136.96,0.3,5
67,ORD-1066,2023-02-16,Central,Technology,Phones,Corporate,338.23,39.43,0.0,7
68,ORD-1067,2021-12-12,East,Furniture,Tables,Corporate,544.08,124.33,0.0,1
69,ORD-1068,2022-07-19,West,Furniture,Bookcases,Home Office,643.93,165.0,0.2,4
70,ORD-1069,2023-06-17,East,Office Supplies,Binders,Consumer,205.78,53.83,0.1,6
71,ORD-1070,2021-12-06,East,Technology,Phones,Home Office,490.49,131.97,0.1,4
72,ORD-1071,2021-04-02,South,Technology,Accessories,Corporate,756.64,61.66,0.1,7
73,ORD-1072,2022-01-02,Central,Furniture,Bookcases,Home Office,272.71,6.52,0.1,7
74,ORD-1073,2022-03-31,Central,Technology,Machines,Corporate,594.01,34.43,0.0,5
75,ORD-1074,2022-03-04,South,Furniture,Chairs,Home Office,703.63,124.14,0.0,2
76,ORD-1075,2022-05-24,Central,Office Supplies,Binders,Consumer,730.29,111.4,0.0,2
77,ORD-1076,2023-02-15,South,Office Supplies,Binders,Corporate,663.58,110.88,0.2,4
78,ORD-1077,2021-02-04,South,Furniture,Chairs,Corporate,667.91,115.43,0.0,6
79,ORD-1078,2021-07-25,Central,Technology,Accessories,Corporate,302.95,41.91,0.0,4
80,ORD-1079,2021-03-22,East,Office Supplies,Storage,Home Office,780.15,1.59,0.3,2
81,ORD-1080,2022-07-16,West,Office Supplies,Paper,Home Office,461.31,119.19,0.2,1
82,ORD-1081,2023-05-22,East,Office Supplies,Paper,Corporate,398.13,52.0,0.0,2
83,ORD-1082,2022-01-23,Central,Office Supplies,Storage,Home Office,514.11,28.49,0.2,6
84,ORD-1083,2021-01-02,Central,Technology,Accessories,Home Office,671.25,-0.21,0.3,5
85,ORD-1084,2022-01-25,West,Furniture,Chairs,Corporate,153.91,30.01,0.2,6
86,ORD-1085,2022-07-20,East,Furniture,Chairs,Consumer,733.15,215.92,0.0,1
87,ORD-1086,2021-04-16,Central,Technology,Machines,Home Office,233.76,40.11,0.0,6
88,ORD-1087,2023-02-11,East,Office Supplies,Binders,Consumer,667.2,14.66,0.2,6
89,ORD-1088,2023-04-02,Central,Furniture,Tables,Corporate,126.77,16.47,0.0,3
90,ORD-1089,2022-04-22,Central,Office Supplies,Storage,Home Office,485.98,72.86,0.3,5
91,ORD-1090,2022-12-04,East,Office Supplies,Paper,Corporate,156.79,47.26,0.0,5
92,ORD-1091,2022-02-06,East,Furniture,Tables,Corporate,318.85,46.75,0.1,2
93,ORD-1092,2022-12-31,West,Office Supplies,Paper,Corporate,149.7,6.78,0.2,5
94,ORD-1093,2022-07-10,West,Office Supplies,Paper,Corporate,490.46,19.85,0.1,3
95,ORD-1094,2021-06-11,Central,Furniture,Tables,Home Office,245.18,57.53,0.3,3
96,ORD-1095,2021-07-21,East,Technology,Phones,Consumer,251.75,69.18,0.2,7
97,ORD-1096,2021-09-27,Central,Technology,Machines,Home Office,537.66,32.53,0.1,1
98,ORD-1097,2023-05-13,Central,Office Supplies,Storage,Consumer,230.53,15.83,0.2,3
99,ORD-1098,2023-03-27,Central,Furniture,Tables,Consumer,676.39,134.54,0.0,5
100,ORD-1099,2021-09-28,West,Office Supplies,Paper,Corporate,140.64,39.56,0.0,5
101,ORD-1100,2022-04-01,South,Furniture,Bookcases,Home Office,288.62,51.51,0.3,1
102,ORD-1101,2022-04-07,East,Furniture,Tables,Home Office,569.84,51.54,0.3,7
103,ORD-1102,2022-12-28,South,Furniture,Tables,Home Office,79.23,20.59,0.1,4
104,ORD-1103,2021-09-09,East,Technology,Phones,Corporate,774.81,152.69,0.1,3
105,ORD-1104,2022-12-03,East,Furniture,Tables,Consumer,265.39,70.38,0.2,5
106,ORD-1105,2021-10-23,East,Technology,Accessories,Consumer,636.21,116.94,0.0,7
107,ORD-1106,2022-12-26,East,Furniture,Bookcases,Corporate,87.63,19.44,0.3,7
108,ORD-1107,2022-12-21,South,Technology,Accessories,Corporate,649.12,134.52,0.2,6
109,ORD-1108,2023-01-19,West,Technology,Phones,Home Office,784.85,130.93,0.1,7
110,ORD-1109,2021-12-04,South,Furniture,Bookcases,Home Office,560.68,186.83,0.0,7
111,ORD-1110,2023-05-29,West,Furniture,Chairs,Corporate,54.45,12.94,0.3,7
112,ORD-1111,2021-02-22,Central,Technology,Phones,Home Office,453.53,133.63,0.1,6
113,ORD-1112,2023-03-03,West,Technology,Phones,Consumer,114.01,9.03,0.2,2
114,ORD-1113,2021-08-05,West,Technology,Machines,Corporate,348.97,67.09,0.0,6
115,ORD-1114,2023-02-03,East,Office Supplies,Binders,Corporate,62.81,5.38,0.2,2
116,ORD-1115,2021-07-07,South,Office Supplies,Binders,Home Office,522.75,103.97,0.1,3
117,ORD-1116,2022-01-15,West,Furniture,Bookcases,Home Office,457.33,33.42,0.0,5
118,ORD-1117,2022-05-08,Central,Office Supplies,Storage,Corporate,433.61,102.95,0.1,4
119,ORD-1118,2021-02-10,Central,Technology,Phones,Corporate,466.49,56.84,0.3,5
120,ORD-1119,2021-06-06,Central,Furniture,Bookcases,Home Office,536.09,127.46,0.0,5
121,ORD-1120,2021-01-15,West,Technology,Machines,Consumer,500.37,72.68,0.1,3
122,ORD-1121,2023-03-24,East,Technology,Machines,Home Office,698.68,14.02,0.1,5
123,ORD-1122,2021-03-06,Central,Furniture,Tables,Consumer,432.57,103.72,0.3,3
124,ORD-1123,2023-05-07,East,Technology,Machines,Consumer,798.39,-19.32,0.3,1
125,ORD-1124,2023-04-19,South,Technology,Phones,Consumer,333.51,64.68,0.0,4
126,ORD-1125,2022-06-05,West,Technology,Accessories,Corporate,787.59,37.42,0.1,7
127,ORD-1126,2021-12-10,East,Technology,Machines,Corporate,348.66,94.03,0.0,1
128,ORD-1127,2021-05-09,West,Office Supplies,Storage,Consumer,106.17,11.58,0.1,2
129,ORD-1128,2022-10-10,East,Office Supplies,Binders,Consumer,251.12,49.4,0.1,1
130,ORD-1129,2022-04-17,Central,Technology,Phones,Home Office,730.06,86.39,0.2,1
131,ORD-1130,2021-03-04,South,Technology,Machines,Corporate,325.47,8.29,0.3,2
132,ORD-1131,2021-05-19,Central,Technology,Machines,Home Office,642.43,49.35,0.0,6
133,ORD-1132,2022-05-14,West,Office Supplies,Storage,Consumer,786.22,214.97,0.2,3
134,ORD-1133,2022-08-16,East,Office Supplies,Paper,Corporate,724.9,50.82,0.1,4
135,ORD-1134,2022-01-27,East,Furniture,Chairs,Consumer,70.69,17.16,0.3,7
136,ORD-1135,2022-11-06,West,Technology,Accessories,Consumer,199.84,28.74,0.2,2
137,ORD-1136,2022-02-23,East,Office Supplies,Paper,Consumer,56.62,6.58,0.0,1
138,ORD-1137,2021-10-16,South,Furniture,Chairs,Consumer,766.67,49.86,0.3,5
139,ORD-1138,2022-01-14,West,Office Supplies,Paper,Corporate,511.23,130.43,0.2,3
140,ORD-1139,2023-02-12,South,Furniture,Bookcases,Corporate,485.87,49.64,0.0,2
141,ORD-1140,2022-05-05,East,Furniture,Chairs,Corporate,421.89,96.53,0.1,3
142,ORD-1141,2021-08-19,South,Furniture,Tables,Home Office,656.35,135.79,0.1,5
143,ORD-1142,2021-02-10,East,Office Supplies,Storage,Home Office,438.84,139.76,0.0,5
144,ORD-1143,2021-01-28,East,Technology,Phones,Home Office,91.36,15.29,0.0,3
145,ORD-1144,2021-05-15,East,Office Supplies,Binders,Home Office,121.02,7.66,0.0,2
146,ORD-1145,2021-07-20,West,Office Supplies,Storage,Corporate,692.46,102.98,0.0,1
147,ORD-1146,2023-04-20,South,Technology,Phones,Home Office,449.67,33.46,0.2,4
148,ORD-1147,2023-02-19,East,Technology,Accessories,Consumer,310.7,52.42,0.3,2
149,ORD-1148,2021-02-02,West,Technology,Accessories,Home Office,435.43,50.53,0.0,5
150,ORD-1149,2021-02-17,South,Furniture,Chairs,Corporate,717.69,219.16,0.0,5
151,ORD-1150,2022-05-18,East,Office Supplies,Paper,Corporate,394.86,127.13,0.0,3
152,ORD-1151,2022-02-11,East,Office Supplies,Paper,Consumer,291.29,53.35,0.1,5
153,ORD-1152,2022-07-28,Central,Furniture,Tables,Home Office,228.28,40.26,0.1,4
154,ORD-1153,2022-12-29,Central,Furniture,Tables,Consumer,683.45,26.05,0.2,5
155,ORD-1154,2023-03-16,West,Furniture,Chairs,Corporate,672.87,221.39,0.0,4
156,ORD-1155,2021-04-09,East,Office Supplies,Binders,Corporate,502.52,38.58,0.1,5
157,ORD-1156,2022-11-15,East,Technology,Phones,Corporate,707.08,112.88,0.1,7
158,ORD-1157,2023-05-22,West,Furniture,Chairs,Consumer,664.14,176.65,0.1,5
159,ORD-1158,2022-12-27,East,Furniture,Tables,Corporate,599.94,-5.8,0.2,2
160,ORD-1159,2022-07-01,South,Technology,Machines,Home Office,669.06,85.38,0.0,2
161,ORD-1160,2023-01-09,East,Office Supplies,Binders,Home Office,243.89,28.76,0.1,1
162,ORD-1161,2022-09-05,South,Office Supplies,Paper,Consumer,512.81,52.82,0.2,5
163,ORD-1162,2022-04-07,East,Technology,Machines,Consumer,628.28,65.97,0.1,7
164,ORD-1163,2022-10-05,West,Furniture,Tables,Consumer,442.19,93.76,0.3,4
165,ORD-1164,2023-02-08,East,Office Supplies,Binders,Home Office,513.45,126.36,0.1,6
166,ORD-1165,2021-01-05,Central,Furniture,Tables,Consumer,751.04,143.64,0.3,4
167,ORD-1166,2021-08-06,Central,Furniture,Chairs,Consumer,254.75,71.66,0.0,1
168,ORD-1167,2022-05-18,West,Technology,Phones,Consumer,474.09,31.94,0.0,3
169,ORD-1168,2023-02-06,Central,Office Supplies,Storage,Home Office,684.88,213.71,0.1,5
170,ORD-1169,2022-02-02,South,Technology,Machines,Consumer,367.85,10.68,0.2,5
171,ORD-1170,2023-05-21,Central,Office Supplies,Binders,Home Office,319.22,18.08,0.0,6
172,ORD-1171,2023-03-06,South,Technology,Accessories,Consumer,310.03,59.25,0.3,2
173,ORD-1172,2022-01-28,Central,Technology,Phones,Home Office,20.8,2.12,0.1,5
174,ORD-1173,2021-07-26,Central,Office Supplies,Binders,Corporate,756.56,94.88,0.2,7
175,ORD-1174,2021-01-15,Central,Technology,Machines,Consumer,431.08,111.26,0.0,4
176,ORD-1175,2023-05-08,West,Office Supplies,Binders,Corporate,675.16,131.08,0.2,6
177,ORD-1176,2022-07-08,South,Furniture,Chairs,Corporate,122.44,33.7,0.2,4
178,ORD-1177,2023-06-11,West,Office Supplies,Storage,Consumer,44.42,14.8,0.0,5
179,ORD-1178,2022-04-06,Central,Office Supplies,Storage,Consumer,518.05,128.49,0.1,5
180,ORD-1179,2022-11-22,East,Furniture,Bookcases,Corporate,787.5,115.15,0.0,6
181,ORD-1180,2022-07-29,Central,Office Supplies,Storage,Consumer,199.36,21.95,0.0,1
182,ORD-1181,2023-05-14,West,Technology,Machines,Home Office,528.3,68.06,0.3,4
183,ORD-1182,2023-01-13,East,Technology,Phones,Home Office,389.1,3.02,0.3,1
184,ORD-1183,2021-08-29,South,Technology,Accessories,Consumer,697.53,67.03,0.0,3
185,ORD-1184,2022-07-18,East,Furniture,Tables,Corporate,678.93,-23.52,0.3,5
186,ORD-1185,2021-04-06,West,Technology,Machines,Home Office,122.37,39.59,0.0,2
187,ORD-1186,2023-06-19,Central,Furniture,Chairs,Corporate,500.99,79.47,0.1,6
188,ORD-1187,2023-01-04,South,Office Supplies,Binders,Home Office,111.5,25.89,0.0,4
189,ORD-1188,2022-04-30,Central,Technology,Phones,Home Office,355.64,31.18,0.1,4
190,ORD-1189,2022-02-11,Central,Technology,Phones,Home Office,70.08,8.25,0.1,2
191,ORD-1190,2021-08-19,South,Furniture,Chairs,Corporate,642.1,183.19,0.2,1
192,ORD-1191,2023-01-19,West,Technology,Phones,Home Office,29.06,6.51,0.1,2
193,ORD-1192,2022-10-17,Central,Office Supplies,Storage,Corporate,394.35,81.46,0.2,3
194,ORD-1193,2021-06-20,West,Office Supplies,Storage,Corporate,562.09,188.75,0.0,1
195,ORD-1194,2022-06-25,West,Furniture,Bookcases,Home Office,50.9,12.46,0.1,1
196,ORD-1195,2021-02-05,West,Technology,Accessories,Consumer,208.8,46.2,0.0,7
197,ORD-1196,2022-06-09,East,Furniture,Tables,Consumer,409.13,34.0,0.1,1
198,ORD-1197,2021-06-09,Central,Furniture,Tables,Consumer,456.53,110.65,0.3,1
199,ORD-1198,2023-04-19,East,Technology,Machines,Corporate,423.82,133.4,0.0,6
200,ORD-1199,2022-11-30,West,Technology,Machines,Home Office,45.9,3.09,0.3,7
201,ORD-1200,2021-08-31,West,Technology,Machines,Home Office,123.52,6.21,0.2,2
202,ORD-1201,2021-03-27,East,Office Supplies,Storage,Home Office,644.46,20.85,0.1,4
203,ORD-1202,2023-03-07,West,Office Supplies,Paper,Home Office,101.56,2.77,0.2,3
204,ORD-1203,2022-08-01,Central,Office Supplies,Paper,Home Office,44.64,9.15,0.1,7
205,ORD-1204,2022-11-13,East,Office Supplies,Binders,Home Office,442.21,132.91,0.1,2
206,ORD-1205,2022-07-11,East,Technology,Machines,Corporate,507.74,31.4,0.3,3
207,ORD-1206,2022-07-28,South,Office Supplies,Binders,Consumer,397.83,102.82,0.2,4
208,ORD-1207,2022-10-08,East,Office Supplies,Storage,Consumer,486.03,75.67,0.1,3
209,ORD-1208,2023-03-07,East,Technology,Phones,Corporate,51.79,9.3,0.3,3
210,ORD-1209,2021-01-28,East,Technology,Phones,Consumer,585.36,19.98,0.3,5
211,ORD-1210,2022-09-12,South,Furniture,Bookcases,Home Office,393.84,21.96,0.2,7
212,ORD-1211,2022-07-10,East,Office Supplies,Paper,Corporate,386.74,40.47,0.0,7
213,ORD-1212,2021-12-06,Central,Furniture,Chairs,Home Office,358.25,39.21,0.3,2
214,ORD-1213,2023-03-09,South,Furniture,Chairs,Consumer,36.27,2.12,0.2,1
215,ORD-1214,2021-11-27,South,Technology,Machines,Consumer,404.76,8.04,0.3,3
216,ORD-1215,2022-10-02,East,Technology,Phones,Consumer,192.04,5.61,0.1,1
217,ORD-1216,2022-05-21,West,Furniture,Bookcases,Consumer,675.55,209.75,0.0,7
218,ORD-1217,2021-12-14,East,Technology,Machines,Corporate,344.41,30.19,0.3,4
219,ORD-1218,2022-04-18,Central,Furniture,Chairs,Home Office,593.57,187.74,0.1,2
220,ORD-1219,2021-08-19,East,Office Supplies,Binders,Home Office,696.28,94.98,0.3,2
221,ORD-1220,2021-07-09,East,Furniture,Tables,Consumer,585.7,83.09,0.3,7
222,ORD-1221,2021-08-13,Central,Furniture,Chairs,Home Office,722.55,156.43,0.1,3
223,ORD-1222,2022-01-20,West,Office Supplies,Binders,Consumer,482.03,61.58,0.1,3
224,ORD-1223,2022-01-12,West,Technology,Accessories,Home Office,505.91,106.65,0.3,1
225,ORD-1224,2021-10-10,West,Furniture,Bookcases,Corporate,122.62,10.0,0.3,6
226,ORD-1225,2022-09-25,East,Furniture,Tables,Consumer,160.15,11.51,0.3,2
227,ORD-1226,2022-09-20,Central,Office Supplies,Storage,Consumer,161.16,11.4,0.0,1
228,ORD-1227,2023-01-15,Central,Technology,Accessories,Home Office,212.84,17.35,0.3,6
229,ORD-1228,2021-09-16,Central,Furniture,Tables,Corporate,421.56,104.88,0.0,7
230,ORD-1229,2021-12-25,East,Office Supplies,Storage,Corporate,147.55,12.34,0.2,4
231,ORD-1230,2022-12-11,West,Furniture,Bookcases,Corporate,221.34,11.67,0.0,1
232,ORD-1231,2022-04-01,South,Office Supplies,Storage,Home Office,623.31,49.24,0.3,7
233,ORD-1232,2022-02-15,Central,Office Supplies,Paper,Consumer,373.96,95.4,0.2,6
234,ORD-1233,2022-10-11,Central,Office Supplies,Binders,Corporate,152.41,23.57,0.1,4
235,ORD-1234,2021-11-14,East,Furniture,Bookcases,Consumer,666.53,123.19,0.0,3
236,ORD-1235,2022-11-08,West,Office Supplies,Paper,Home Office,759.9,76.08,0.0,4
237,ORD-1236,2021-08-13,West,Office Supplies,Binders,Consumer,315.9,66.63,0.2,5
238,ORD-1237,2023-03-30,West,Technology,Machines,Consumer,436.14,132.26,0.0,4
239,ORD-1238,2021-08-22,Central,Technology,Machines,Consumer,368.17,92.22,0.2,4
240,ORD-1239,2022-11-15,West,Technology,Accessories,Home Office,441.13,18.05,0.3,2
241,ORD-1240,2022-10-26,East,Furniture,Bookcases,Corporate,115.92,38.37,0.0,5
242,ORD-1241,2023-04-07,Central,Furniture,Bookcases,Consumer,519.2,65.24,0.2,5
243,ORD-1242,2022-01-09,Central,Technology,Phones,Corporate,89.07,18.01,0.0,6
244,ORD-1243,2022-11-03,Central,Technology,Phones,Corporate,556.8,142.53,0.3,3
245,ORD-1244,2022-08-31,South,Office Supplies,Storage,Consumer,23.85,2.79,0.1,5
246,ORD-1245,2022-04-17,West,Technology,Machines,Corporate,696.98,46.19,0.2,3
247,ORD-1246,2021-08-21,Central,Office Supplies,Binders,Corporate,401.3,48.02,0.3,7
248,ORD-1247,2022-11-23,West,Furniture,Tables,Corporate,43.38,4.04,0.0,2
249,ORD-1248,2021-04-23,West,Technology,Accessories,Corporate,177.45,6.87,0.2,5
250,ORD-1249,2023-04-10,South,Technology,Machines,Home Office,93.24,0.64,0.3,6
251,ORD-1250,2022-05-12,East,Technology,Phones,Corporate,697.15,67.34,0.1,1
252,ORD-1251,2022-03-18,East,Furniture,Chairs,Home Office,673.73,89.13,0.1,6
253,ORD-1252,2022-07-18,East,Office Supplies,Paper,Home Office,407.8,122.04,0.0,7
254,ORD-1253,2021-09-25,West,Office Supplies,Binders,Consumer,465.08,-2.82,0.3,1
255,ORD-1254,2022-05-25,Central,Technology,Machines,Consumer,557.83,128.4,0.0,7
256,ORD-1255,2023-03-18,Central,Technology,Accessories,Consumer,533.93,133.53,0.0,1
257,ORD-1256,2022-01-21,West,Furniture,Bookcases,Consumer,103.14,0.8,0.3,6
258,ORD-1257,2022-01-22,Central,Furniture,Bookcases,Consumer,268.13,46.14,0.0,5
259,ORD-1258,2021-04-23,East,Furniture,Bookcases,Corporate,630.26,86.1,0.0,3
260,ORD-1259,2022-09-05,South,Technology,Phones,Corporate,705.24,197.15,0.0,4
261,ORD-1260,2022-09-17,South,Office Supplies,Paper,Home Office,540.72,157.03,0.1,5
262,ORD-1261,2021-03-22,West,Furniture,Bookcases,Corporate,642.29,161.0,0.2,1
263,ORD-1262,2022-11-30,West,Furniture,Bookcases,Consumer,113.76,24.43,0.1,5
264,ORD-1263,2021-04-23,South,Furniture,Chairs,Consumer,273.18,39.05,0.3,7
265,ORD-1264,2021-01-02,South,Office Supplies,Binders,Corporate,562.46,70.05,0.3,1
266,ORD-1265,2022-10-04,South,Furniture,Bookcases,Corporate,205.28,37.63,0.0,6
267,ORD-1266,2021-08-08,West,Technology,Phones,Consumer,77.09,3.12,0.2,6
268,ORD-1267,2022-07-20,West,Furniture,Tables,Home Office,503.2,85.61,0.1,5
269,ORD-1268,2023-05-05,South,Technology,Machines,Home Office,693.4,148.49,0.3,4
270,ORD-1269,2023-01-06,East,Furniture,Tables,Consumer,40.0,2.11,0.1,5
271,ORD-1270,2021-08-13,West,Office Supplies,Binders,Consumer,331.08,40.99,0.0,4
272,ORD-1271,2022-01-20,West,Office Supplies,Binders,Corporate,494.17,61.68,0.3,6
273,ORD-1272,2022-02-07,West,Furniture,Chairs,Corporate,580.14,84.92,0.2,5
274,ORD-1273,2022-09-30,South,Furniture,Chairs,Consumer,172.71,44.73,0.2,5
275,ORD-1274,2021-05-10,East,Office Supplies,Paper,Consumer,720.46,177.53,0.0,3
276,ORD-1275,2021-02-22,South,Furniture,Tables,Corporate,67.01,12.98,0.0,3
277,ORD-1276,2022-11-15,West,Office Supplies,Paper,Home Office,99.11,23.31,0.0,5
278,ORD-1277,2022-12-31,East,Office Supplies,Binders,Home Office,242.2,65.12,0.2,4
279,ORD-1278,2022-11-03,East,Office Supplies,Paper,Corporate,440.55,-5.78,0.3,6
280,ORD-1279,2022-12-11,West,Office Supplies,Storage,Corporate,578.6,198.47,0.0,2
281,ORD-1280,2022-02-20,West,Technology,Machines,Consumer,115.07,3.1,0.2,4
282,ORD-1281,2021-09-04,East,Office Supplies,Storage,Consumer,161.52,17.02,0.0,7
283,ORD-1282,2023-04-16,East,Office Supplies,Storage,Corporate,103.36,7.81,0.1,4
284,ORD-1283,2022-03-15,South,Technology,Accessories,Corporate,351.13,91.93,0.1,1
285,ORD-1284,2021-07-22,Central,Furniture,Tables,Home Office,311.34,74.7,0.0,3
286,ORD-1285,2021-07-03,Central,Furniture,Bookcases,Consumer,22.02,5.85,0.1,6
287,ORD-1286,2021-05-03,South,Technology,Phones,Home Office,482.96,40.38,0.1,2
288,ORD-1287,2022-02-05,Central,Office Supplies,Storage,Corporate,156.32,47.2,0.0,1
289,ORD-1288,2023-02-06,West,Furniture,Bookcases,Consumer,204.76,28.79,0.0,3
290,ORD-1289,2021-10-21,Central,Technology,Machines,Home Office,683.92,130.13,0.2,2
291,ORD-1290,2021-10-07,East,Technology,Accessories,Corporate,617.99,96.12,0.1,2
292,ORD-1291,2023-04-17,South,Office Supplies,Binders,Corporate,139.33,37.77,0.0,2
293,ORD-1292,2023-06-03,East,Furniture,Bookcases,Consumer,388.86,30.61,0.0,5
294,ORD-1293,2022-09-02,West,Furniture,Bookcases,Corporate,520.74,11.38,0.3,3
295,ORD-1294,2021-07-17,South,Technology,Accessories,Corporate,200.92,42.11,0.1,1
296,ORD-1295,2022-05-26,South,Office Supplies,Paper,Consumer,407.48,41.71,0.1,7
297,ORD-1296,2023-01-22,West,Furniture,Tables,Consumer,562.21,69.05,0.2,5
298,ORD-1297,2021-05-24,South,Technology,Phones,Home Office,579.73,31.74,0.0,4
299,ORD-1298,2022-09-01,South,Furniture,Tables,Home Office,658.59,116.77,0.3,2
300,ORD-1299,2021-07-20,South,Office Supplies,Storage,Corporate,726.31,53.62,0.0,5
301,ORD-1300,2021-05-04,West,Technology,Phones,Consumer,717.47,79.18,0.2,1
302,ORD-1301,2021-07-06,West,Office Supplies,Binders,Corporate,196.79,46.27,0.0,5
303,ORD-1302,2021-11-22,South,Furniture,Bookcases,Consumer,424.87,93.85,0.1,4
304,ORD-1303,2022-04-09,West,Furniture,Bookcases,Consumer,202.3,26.57,0.0,2
305,ORD-1304,2021-12-15,South,Office Supplies,Storage,Consumer,550.5,31.54,0.3,3
306,ORD-1305,2023-02-10,West,Office Supplies,Paper,Corporate,168.45,53.61,0.1,2
307,ORD-1306,2022-10-22,Central,Furniture,Tables,Corporate,303.1,63.41,0.2,6
308,ORD-1307,2023-02-03,Central,Office Supplies,Storage,Corporate,280.18,52.87,0.1,4
309,ORD-1308,2022-02-07,East,Office Supplies,Binders,Consumer,770.1,197.92,0.0,1
310,ORD-1309,2021-12-12,Central,Office Supplies,Binders,Consumer,152.97,7.5,0.1,1
311,ORD-1310,2022-05-26,South,Office Supplies,Binders,Home Office,661.01,42.48,0.3,4
312,ORD-1311,2021-05-27,West,Furniture,Bookcases,Corporate,785.36,210.6,0.2,5
313,ORD-1312,2021-05-28,East,Furniture,Tables,Consumer,113.47,4.05,0.2,5
314,ORD-1313,2023-05-14,West,Office Supplies,Binders,Home Office,595.0,72.58,0.3,1
315,ORD-1314,2022-12-12,West,Technology,Phones,Corporate,543.82,79.98,0.3,2
316,ORD-1315,2023-03-31,East,Office Supplies,Paper,Consumer,634.56,-1.07,0.3,4
317,ORD-1316,2022-05-04,Central,Technology,Machines,Home Office,629.98,24.53,0.1,4
318,ORD-1317,2022-10-02,East,Office Supplies,Storage,Corporate,256.44,31.41,0.1,1
319,ORD-1318,2022-07-05,Central,Furniture,Chairs,Home Office,88.36,5.45,0.2,1
320,ORD-1319,2021-12-04,South,Office Supplies,Paper,Corporate,258.31,11.34,0.3,2
321,ORD-1320,2023-05-22,Central,Office Supplies,Storage,Home Office,488.46,18.82,0.2,6
322,ORD-1321,2022-10-03,West,Office Supplies,Paper,Consumer,407.63,77.44,0.1,4
323,ORD-1322,2023-02-18,South,Technology,Machines,Home Office,182.64,19.94,0.2,6
324,ORD-1323,2022-04-18,East,Furniture,Tables,Home Office,657.61,126.45,0.2,2
325,ORD-1324,2021-05-31,South,Technology,Machines,Home Office,697.08,43.49,0.1,7
326,ORD-1325,2022-02-19,West,Furniture,Bookcases,Corporate,257.65,37.81,0.0,3
327,ORD-1326,2021-10-25,Central,Office Supplies,Storage,Home Office,155.35,13.53,0.1,6
328,ORD-1327,2022-09-03,Central,Furniture,Bookcases,Home Office,780.98,187.29,0.3,2
329,ORD-1328,2021-09-20,East,Furniture,Chairs,Corporate,123.37,14.08,0.1,7
330,ORD-1329,2023-02-03,South,Furniture,Chairs,Consumer,399.91,115.77,0.1,6
331,ORD-1330,2021-05-24,South,Technology,Phones,Consumer,156.37,43.13,0.2,6
332,ORD-1331,2021-12-12,East,Office Supplies,Binders,Home Office,134.17,11.61,0.0,5
333,ORD-1332,2022-09-16,South,Technology,Machines,Consumer,40.13,4.81,0.0,5
334,ORD-1333,2022-07-26,West,Office Supplies,Paper,Consumer,448.63,-1.52,0.3,4
335,ORD-1334,2023-05-31,South,Office Supplies,Storage,Corporate,263.22,74.45,0.1,5
336,ORD-1335,2021-01-02,South,Technology,Phones,Home Office,102.42,2.06,0.1,3
337,ORD-1336,2023-06-16,East,Technology,Machines,Consumer,503.28,34.95,0.3,7
338,ORD-1337,2021-10-31,South,Technology,Phones,Corporate,67.85,3.23,0.2,1
339,ORD-1338,2021-09-11,Central,Office Supplies,Binders,Consumer,65.37,14.14,0.2,7
340,ORD-1339,2022-10-14,East,Technology,Machines,Consumer,562.13,100.68,0.0,1
341,ORD-1340,2022-03-29,Central,Office Supplies,Storage,Consumer,130.95,37.3,0.0,6
342,ORD-1341,2021-02-06,West,Office Supplies,Paper,Corporate,98.82,16.55,0.3,1
343,ORD-1342,2021-06-09,West,Furniture,Tables,Consumer,417.35,24.49,0.2,5
344,ORD-1343,2021-01-09,Central,Furniture,Tables,Consumer,499.87,6.06,0.3,4
345,ORD-1344,2021-08-21,East,Office Supplies,Paper,Corporate,431.09,89.36,0.2,5
346,ORD-1345,2021-04-09,South,Furniture,Chairs,Home Office,711.55,153.85,0.1,3
347,ORD-1346,2022-10-21,Central,Technology,Phones,Consumer,306.85,32.06,0.3,7
348,ORD-1347,2023-03-27,South,Furniture,Chairs,Home Office,592.22,183.08,0.1,7
349,ORD-1348,2021-07-27,Central,Office Supplies,Paper,Consumer,344.6,39.83,0.2,6
350,ORD-1349,2021-05-11,West,Furniture,Chairs,Home Office,222.65,49.94,0.1,7
351,ORD-1350,2022-02-08,Central,Technology,Phones,Home Office,502.78,26.97,0.0,2
352,ORD-1351,2021-06-01,South,Office Supplies,Paper,Consumer,510.85,148.38,0.0,5
353,ORD-1352,2021-02-23,Central,Technology,Accessories,Corporate,53.25,4.42,0.0,4
354,ORD-1353,2021-04-30,Central,Technology,Accessories,Corporate,523.95,158.92,0.0,7
355,ORD-1354,2022-11-04,South,Technology,Accessories,Corporate,136.41,8.87,0.1,4
356,ORD-1355,2022-09-20,West,Technology,Phones,Corporate,209.91,34.17,0.1,1
357,ORD-1356,2022-08-10,East,Office Supplies,Storage,Home Office,498.98,93.73,0.0,5
358,ORD-1357,2022-09-17,South,Furniture,Chairs,Consumer,765.85,257.79,0.0,1
359,ORD-1358,2022-02-24,East,Furniture,Tables,Home Office,533.78,136.88,0.0,4
360,ORD-1359,2022-02-26,South,Furniture,Tables,Consumer,79.61,24.06,0.0,2
361,ORD-1360,2021-04-14,Central,Furniture,Tables,Consumer,217.39,21.4,0.3,3
362,ORD-1361,2023-05-02,East,Office Supplies,Binders,Corporate,406.45,92.89,0.3,1
363,ORD-1362,2021-09-11,South,Furniture,Bookcases,Corporate,498.87,47.49,0.3,5
364,ORD-1363,2021-08-15,Central,Technology,Accessories,Consumer,137.13,35.17,0.3,7
365,ORD-1364,2021-04-22,East,Office Supplies,Binders,Corporate,550.58,33.81,0.0,7
366,ORD-1365,2022-05-25,East,Furniture,Bookcases,Corporate,578.73,168.2,0.0,3
367,ORD-1366,2022-04-18,East,Technology,Accessories,Consumer,29.44,5.96,0.0,2
368,ORD-1367,2021-04-09,Central,Furniture,Tables,Corporate,380.32,24.69,0.3,7
369,ORD-1368,2021-06-02,South,Technology,Accessories,Consumer,755.01,34.4,0.2,3
370,ORD-1369,2023-05-11,Central,Office Supplies,Paper,Consumer,341.46,84.71,0.0,2
371,ORD-1370,2023-06-15,Central,Office Supplies,Binders,Corporate,36.34,4.16,0.3,1
372,ORD-1371,2023-05-28,West,Furniture,Tables,Home Office,250.45,7.1,0.3,1
373,ORD-1372,2021-12-04,Central,Technology,Machines,Corporate,317.91,7.35,0.1,4
374,ORD-1373,2022-12-07,Central,Office Supplies,Storage,Consumer,499.71,20.38,0.1,1
375,ORD-1374,2023-04-02,East,Furniture,Bookcases,Consumer,433.64,125.21,0.1,2
376,ORD-1375,2021-06-12,East,Office Supplies,Paper,Consumer,643.0,65.78,0.3,2
377,ORD-1376,2022-12-21,East,Technology,Phones,Home Office,489.47,159.61,0.0,4
378,ORD-1377,2022-11-12,Central,Office Supplies,Binders,Home Office,142.18,17.27,0.1,2
379,ORD-1378,2021-06-10,Central,Office Supplies,Binders,Home Office,195.2,31.78,0.0,6
380,ORD-1379,2022-08-03,West,Furniture,Bookcases,Home Office,362.74,35.95,0.0,4
381,ORD-1380,2023-03-12,Central,Office Supplies,Binders,Home Office,207.74,52.52,0.0,3
382,ORD-1381,2022-02-02,East,Office Supplies,Binders,Consumer,711.8,183.45,0.3,2
383,ORD-1382,2021-10-04,East,Technology,Phones,Consumer,656.44,166.59,0.2,4
384,ORD-1383,2023-03-27,Central,Office Supplies,Binders,Home Office,736.76,155.32,0.1,6
385,ORD-1384,2022-05-19,West,Office Supplies,Binders,Corporate,379.22,69.95,0.3,6
386,ORD-1385,2023-06-15,Central,Technology,Machines,Corporate,625.63,-14.92,0.3,6
387,ORD-1386,2022-01-27,Central,Furniture,Tables,Home Office,607.49,201.21,0.0,5
388,ORD-1387,2021-05-15,East,Office Supplies,Paper,Consumer,587.8,34.99,0.1,7
389,ORD-1388,2021-07-14,East,Furniture,Bookcases,Consumer,91.66,7.7,0.1,3
390,ORD-1389,2022-02-05,South,Office Supplies,Storage,Corporate,137.53,24.73,0.3,3
391,ORD-1390,2022-10-02,South,Furniture,Tables,Corporate,611.38,123.81,0.0,7
392,ORD-1391,2021-02-02,South,Furniture,Tables,Corporate,102.63,20.18,0.2,7
393,ORD-1392,2022-11-19,South,Furniture,Tables,Consumer,470.19,130.87,0.0,7
394,ORD-1393,2022-04-05,Central,Furniture,Tables,Consumer,145.46,3.32,0.1,1
395,ORD-1394,2023-06-02,West,Furniture,Bookcases,Consumer,598.54,172.11,0.2,3
396,ORD-1395,2022-04-15,Central,Furniture,Bookcases,Corporate,333.17,72.39,0.1,1
397,ORD-1396,2022-01-10,East,Technology,Machines,Home Office,452.97,92.65,0.3,3
398,ORD-1397,2021-01-22,West,Office Supplies,Binders,Home Office,166.66,27.1,0.0,1
399,ORD-1398,2023-01-20,Central,Office Supplies,Storage,Home Office,452.3,124.12,0.1,2
400,ORD-1399,2022-11-01,Central,Office Supplies,Paper,Consumer,47.54,2.53,0.0,1
401,ORD-1400,2021-02-07,Central,Furniture,Chairs,Corporate,767.3,194.52,0.0,3
402,ORD-1401,2021-08-18,South,Office Supplies,Paper,Consumer,676.74,191.51,0.1,5
403,ORD-1402,2021-12-31,West,Technology,Phones,Consumer,117.28,14.61,0.2,4
404,ORD-1403,2022-07-17,Central,Furniture,Tables,Corporate,628.71,124.43,0.1,5
405,ORD-1404,2022-03-14,South,Office Supplies,Binders,Corporate,537.17,122.84,0.1,5
406,ORD-1405,2023-02-15,Central,Office Supplies,Binders,Home Office,42.68,5.41,0.1,1
407,ORD-1406,2021-10-10,South,Technology,Phones,Corporate,322.39,73.01,0.0,4
408,ORD-1407,2021-01-27,South,Office Supplies,Paper,Consumer,417.89,3.95,0.2,2
409,ORD-1408,2021-08-14,West,Furniture,Chairs,Consumer,457.96,-11.06,0.3,2
410,ORD-1409,2021-10-04,East,Technology,Accessories,Corporate,487.51,34.59,0.2,4
411,ORD-1410,2023-03-09,East,Technology,Phones,Home Office,271.24,3.56,0.2,6
412,ORD-1411,2022-09-01,East,Technology,Accessories,Home Office,562.42,109.94,0.3,6
413,ORD-1412,2021-10-11,West,Office Supplies,Storage,Consumer,183.68,21.16,0.3,5
414,ORD-1413,2023-05-29,Central,Office Supplies,Storage,Corporate,135.01,28.44,0.2,1
415,ORD-1414,2022-04-26,East,Technology,Machines,Corporate,89.11,-1.89,0.3,4
416,ORD-1415,2022-03-29,South,Technology,Machines,Corporate,593.82,124.75,0.2,6
417,ORD-1416,2023-04-09,Central,Furniture,Bookcases,Corporate,521.2,125.75,0.0,4
418,ORD-1417,2023-03-27,Central,Furniture,Bookcases,Home Office,632.81,123.89,0.2,7
419,ORD-1418,2022-10-21,West,Technology,Machines,Corporate,675.05,143.11,0.2,2
420,ORD-1419,2022-05-31,West,Furniture,Bookcases,Consumer,478.46,105.1,0.0,2
421,ORD-1420,2022-07-01,West,Furniture,Bookcases,Consumer,280.92,73.06,0.0,6
422,ORD-1421,2021-07-11,East,Furniture,Chairs,Consumer,668.72,173.4,0.0,3
423,ORD-1422,2021-02-18,Central,Furniture,Tables,Consumer,253.01,16.91,0.0,3
424,ORD-1423,2022-05-27,East,Office Supplies,Storage,Home Office,355.13,36.6,0.2,5
425,ORD-1424,2021-01-17,South,Furniture,Chairs,Corporate,395.11,74.07,0.0,5
426,ORD-1425,2021-06-21,East,Office Supplies,Binders,Home Office,570.69,25.21,0.1,7
427,ORD-1426,2021-08-08,South,Office Supplies,Paper,Home Office,725.05,87.77,0.2,1
428,ORD-1427,2021-06-07,West,Office Supplies,Paper,Consumer,25.48,2.49,0.0,4
429,ORD-1428,2022-04-22,East,Technology,Accessories,Corporate,122.45,33.72,0.0,1
430,ORD-1429,2021-02-15,East,Office Supplies,Paper,Corporate,766.16,80.31,0.1,2
431,ORD-1430,2022-01-08,Central,Furniture,Bookcases,Consumer,240.11,10.26,0.3,7
432,ORD-1431,2022-06-02,Central,Office Supplies,Binders,Home Office,726.88,183.5,0.3,6
433,ORD-1432,2021-04-09,Central,Furniture,Tables,Corporate,354.53,100.34,0.0,4
434,ORD-1433,2023-06-11,West,Technology,Phones,Corporate,141.98,-4.25,0.3,4
435,ORD-1434,2023-01-15,East,Office Supplies,Storage,Home Office,503.37,15.99,0.2,4
436,ORD-1435,2021-02-06,West,Office Supplies,Binders,Corporate,265.85,25.04,0.2,7
437,ORD-1436,2021-10-07,Central,Office Supplies,Storage,Consumer,204.69,32.57,0.3,4
438,ORD-1437,2021-12-15,West,Office Supplies,Storage,Corporate,119.83,28.88,0.3,2
439,ORD-1438,2022-05-12,Central,Office Supplies,Paper,Corporate,665.74,25.33,0.3,1
440,ORD-1439,2021-10-29,West,Office Supplies,Binders,Consumer,405.7,51.51,0.0,3
441,ORD-1440,2021-06-30,South,Furniture,Bookcases,Corporate,585.62,128.6,0.0,3
442,ORD-1441,2022-08-30,East,Technology,Accessories,Home Office,260.79,60.65,0.0,1
443,ORD-1442,2021-04-09,West,Furniture,Tables,Consumer,162.75,15.52,0.0,4
444,ORD-1443,2022-12-01,South,Furniture,Tables,Home Office,346.03,105.6,0.0,7
445,ORD-1444,2021-04-26,Central,Technology,Machines,Corporate,445.18,-2.48,0.3,2
446,ORD-1445,2021-07-10,Central,Office Supplies,Paper,Home Office,335.1,3.45,0.2,6
447,ORD-1446,2021-09-10,South,Office Supplies,Storage,Home Office,448.09,19.95,0.1,6
448,ORD-1447,2021-06-10,East,Technology,Accessories,Home Office,680.6,47.46,0.1,2
449,ORD-1448,2021-09-13,West,Furniture,Tables,Home Office,538.07,134.9,0.0,2
450,ORD-1449,2021-11-19,Central,Office Supplies,Storage,Home Office,692.35,128.29,0.2,6
451,ORD-1450,2021-05-08,East,Technology,Accessories,Consumer,246.66,35.46,0.2,4
452,ORD-1451,2021-01-18,West,Furniture,Chairs,Corporate,297.66,1.66,0.2,7
453,ORD-1452,2023-03-04,Central,Furniture,Bookcases,Home Office,407.86,15.33,0.3,4
454,ORD-1453,2023-01-05,West,Technology,Machines,Corporate,444.98,83.22,0.3,6
455,ORD-1454,2022-07-20,Central,Furniture,Tables,Home Office,34.0,7.59,0.3,6
456,ORD-1455,2022-07-24,East,Office Supplies,Storage,Home Office,146.06,13.38,0.1,1
457,ORD-1456,2021-11-19,South,Technology,Phones,Corporate,456.94,87.55,0.3,7
458,ORD-1457,2023-05-22,South,Furniture,Bookcases,Corporate,450.96,44.73,0.3,4
459,ORD-1458,2022-11-17,South,Technology,Phones,Home Office,440.19,87.82,0.3,7
460,ORD-1459,2023-03-03,Central,Office Supplies,Storage,Home Office,532.29,90.07,0.0,3
461,ORD-1460,2022-09-18,South,Furniture,Bookcases,Corporate,624.98,30.43,0.2,4
462,ORD-1461,2021-10-15,South,Office Supplies,Paper,Corporate,428.2,28.69,0.3,1
463,ORD-1462,2023-05-04,East,Office Supplies,Binders,Corporate,470.52,67.62,0.0,1
464,ORD-1463,2022-10-25,East,Furniture,Tables,Corporate,328.86,75.34,0.3,2
465,ORD-1464,2022-10-01,West,Technology,Phones,Home Office,143.2,18.24,0.3,2
466,ORD-1465,2021-06-04,South,Office Supplies,Paper,Corporate,267.07,26.42,0.2,3
467,ORD-1466,2022-05-05,South,Technology,Accessories,Corporate,235.99,26.46,0.3,4
468,ORD-1467,2022-01-21,Central,Office Supplies,Storage,Consumer,177.57,12.27,0.3,4
469,ORD-1468,2023-02-24,Central,Technology,Phones,Home Office,659.89,120.16,0.0,6
470,ORD-1469,2021-04-14,South,Office Supplies,Binders,Corporate,774.85,197.37,0.2,4
471,ORD-1470,2022-01-28,West,Office Supplies,Paper,Home Office,596.99,167.24,0.2,7
472,ORD-1471,2023-03-22,West,Office Supplies,Storage,Corporate,398.58,99.79,0.0,5
473,ORD-1472,2021-09-03,South,Technology,Phones,Corporate,271.95,61.07,0.3,7
474,ORD-1473,2021-06-25,East,Technology,Phones,Home Office,531.78,-19.26,0.3,1
475,ORD-1474,2021-02-08,East,Office Supplies,Storage,Corporate,92.56,16.27,0.3,2
476,ORD-1475,2022-04-22,West,Office Supplies,Paper,Home Office,183.61,43.97,0.1,5
477,ORD-1476,2022-11-13,East,Furniture,Chairs,Home Office,282.74,83.61,0.0,2
478,ORD-1477,2023-01-29,South,Furniture,Tables,Consumer,106.38,5.78,0.3,3
479,ORD-1478,2022-06-22,South,Office Supplies,Binders,Home Office,723.01,70.7,0.3,5
480,ORD-1479,2023-05-17,Central,Office Supplies,Binders,Home Office,218.37,58.63,0.1,4
481,ORD-1480,2023-03-29,Central,Furniture,Tables,Home Office,429.84,74.62,0.3,2
482,ORD-1481,2022-02-12,Central,Office Supplies,Binders,Consumer,98.5,17.34,0.0,2
483,ORD-1482,2022-06-09,South,Furniture,Tables,Corporate,291.39,13.81,0.2,3
484,ORD-1483,2023-04-08,Central,Office Supplies,Binders,Home Office,527.9,70.3,0.3,1
485,ORD-1484,2022-05-21,East,Furniture,Chairs,Corporate,676.33,164.43,0.2,3
486,ORD-1485,2023-04-05,West,Furniture,Bookcases,Home Office,514.63,93.55,0.3,2
487,ORD-1486,2021-02-05,East,Office Supplies,Binders,Corporate,273.58,-10.63,0.3,7
488,ORD-1487,2022-11-16,East,Furniture,Bookcases,Home Office,156.41,38.57,0.0,1
489,ORD-1488,2021-01-20,South,Technology,Phones,Corporate,672.89,8.83,0.2,3
490,ORD-1489,2021-11-17,South,Technology,Phones,Home Office,561.44,64.37,0.0,7
491,ORD-1490,2023-02-15,West,Office Supplies,Paper,Home Office,185.86,40.69,0.2,5
492,ORD-1491,2022-05-27,East,Furniture,Tables,Corporate,529.47,154.12,0.1,1
493,ORD-1492,2022-02-04,South,Furniture,Bookcases,Home Office,617.53,4.77,0.2,7
494,ORD-1493,2022-10-16,East,Technology,Accessories,Consumer,223.02,69.64,0.0,3
495,ORD-1494,2023-06-02,West,Technology,Machines,Home Office,457.14,48.88,0.2,6
496,ORD-1495,2022-04-16,East,Technology,Machines,Consumer,379.08,28.24,0.3,6
497,ORD-1496,2021-05-23,West,Office Supplies,Binders,Consumer,316.71,82.57,0.1,3
498,ORD-1497,2021-04-02,East,Furniture,Tables,Consumer,349.59,61.68,0.0,6
499,ORD-1498,2021-12-20,South,Office Supplies,Storage,Corporate,736.1,20.78,0.2,1
500,ORD-1499,2023-04-14,West,Office Supplies,Binders,Corporate,247.93,58.96,0.2,3
501,ORD-1500,2023-03-11,South,Furniture,Tables,Consumer,647.83,164.9,0.3,6
502,ORD-1501,2022-12-28,West,Furniture,Tables,Home Office,586.8,104.73,0.2,1
503,ORD-1502,2023-05-04,South,Technology,Accessories,Consumer,239.59,29.94,0.2,6
504,ORD-1503,2021-02-20,East,Furniture,Bookcases,Corporate,113.79,-1.26,0.3,6
505,ORD-1504,2022-10-27,West,Office Supplies,Paper,Consumer,55.98,10.67,0.0,1
506,ORD-1505,2022-11-29,West,Office Supplies,Paper,Consumer,663.14,92.29,0.0,3
507,ORD-1506,2022-07-29,South,Office Supplies,Storage,Corporate,589.59,37.99,0.0,4
508,ORD-1507,2021-07-09,West,Furniture,Tables,Consumer,704.25,155.18,0.1,6
509,ORD-1508,2021-05-05,West,Technology,Machines,Corporate,285.52,4.45,0.3,7
510,ORD-1509,2021-05-30,East,Furniture,Bookcases,Corporate,434.43,112.25,0.1,6
511,ORD-1510,2021-11-10,West,Furniture,Tables,Consumer,354.76,102.39,0.2,2
512,ORD-1511,2022-07-24,West,Technology,Machines,Corporate,467.21,32.28,0.0,4
513,ORD-1512,2021-12-08,South,Furniture,Chairs,Consumer,191.78,-1.06,0.3,5
514,ORD-1513,2021-11-01,West,Office Supplies,Paper,Consumer,429.69,107.75,0.0,1
515,ORD-1514,2022-11-23,Central,Technology,Accessories,Consumer,70.46,9.27,0.3,5
516,ORD-1515,2022-11-13,East,Office Supplies,Binders,Consumer,561.67,30.94,0.3,4
517,ORD-1516,2023-04-18,East,Technology,Accessories,Consumer,382.26,65.2,0.2,2
518,ORD-1517,2023-02-22,East,Office Supplies,Binders,Home Office,148.56,30.03,0.1,3
519,ORD-1518,2021-02-23,West,Office Supplies,Storage,Consumer,367.29,95.79,0.0,4
520,ORD-1519,2022-03-20,South,Office Supplies,Storage,Corporate,547.61,-4.78,0.3,6
521,ORD-1520,2022-09-05,Central,Office Supplies,Binders,Consumer,633.67,117.65,0.2,2
522,ORD-1521,2021-09-21,South,Technology,Accessories,Home Office,231.82,49.4,0.2,1
523,ORD-1522,2021-02-22,Central,Office Supplies,Storage,Home Office,229.79,9.49,0.1,1
524,ORD-1523,2022-07-26,Central,Office Supplies,Paper,Consumer,22.28,4.27,0.0,2
525,ORD-1524,2022-09-12,East,Office Supplies,Binders,Consumer,727.76,53.16,0.2,1
526,ORD-1525,2021-01-05,West,Office Supplies,Paper,Home Office,371.36,72.27,0.0,6
527,ORD-1526,2021-04-13,South,Furniture,Tables,Home Office,496.41,95.45,0.0,1
528,ORD-1527,2021-07-15,East,Furniture,Bookcases,Corporate,422.93,116.83,0.1,1
529,ORD-1528,2023-02-13,East,Furniture,Chairs,Home Office,190.87,46.42,0.2,1
530,ORD-1529,2023-05-27,West,Furniture,Chairs,Home Office,284.31,51.62,0.0,6
531,ORD-1530,2023-06-03,Central,Technology,Machines,Corporate,329.5,98.69,0.1,1
532,ORD-1531,2021-12-16,South,Technology,Accessories,Consumer,657.01,154.48,0.0,5
533,ORD-1532,2021-02-16,West,Office Supplies,Binders,Home Office,289.27,46.99,0.2,7
534,ORD-1533,2023-05-17,South,Office Supplies,Binders,Consumer,404.97,1.4,0.2,3
535,ORD-1534,2023-04-03,West,Furniture,Tables,Home Office,122.56,8.53,0.1,4
536,ORD-1535,2023-03-31,Central,Furniture,Chairs,Corporate,589.29,136.88,0.3,5
537,ORD-1536,2022-10-18,Central,Furniture,Bookcases,Home Office,221.38,31.62,0.0,5
538,ORD-1537,2021-09-26,West,Furniture,Chairs,Corporate,580.37,119.76,0.3,1
539,ORD-1538,2022-01-05,Central,Office Supplies,Binders,Corporate,516.39,106.0,0.2,7
540,ORD-1539,2022-09-28,Central,Technology,Machines,Corporate,66.43,16.71,0.2,2
541,ORD-1540,2021-04-16,South,Technology,Machines,Home Office,109.3,28.43,0.1,4
542,ORD-1541,2022-11-01,East,Furniture,Tables,Corporate,307.86,52.0,0.2,4
543,ORD-1542,2022-10-21,Central,Office Supplies,Storage,Corporate,722.25,-11.52,0.3,7
544,ORD-1543,2022-10-19,West,Technology,Phones,Home Office,604.88,133.42,0.1,1
545,ORD-1544,2021-04-30,West,Furniture,Chairs,Home Office,524.23,88.12,0.2,2
546,ORD-1545,2023-04-11,West,Technology,Phones,Consumer,411.68,108.68,0.2,1
547,ORD-1546,2023-02-26,West,Technology,Machines,Home Office,140.37,29.08,0.2,3
548,ORD-1547,2022-08-27,East,Furniture,Bookcases,Consumer,597.97,41.82,0.0,6
549,ORD-1548,2021-02-27,East,Technology,Accessories,Home Office,130.87,33.83,0.0,4
550,ORD-1549,2021-12-12,South,Office Supplies,Binders,Consumer,250.13,18.84,0.0,7
551,ORD-1550,2023-01-11,East,Technology,Accessories,Corporate,54.12,15.83,0.0,7
552,ORD-1551,2022-04-19,West,Office Supplies,Paper,Home Office,287.67,67.61,0.2,6
553,ORD-1552,2021-04-27,East,Office Supplies,Storage,Corporate,679.57,187.26,0.1,4
554,ORD-1553,2023-04-10,South,Furniture,Tables,Consumer,544.91,83.24,0.2,6
555,ORD-1554,2023-03-02,Central,Furniture,Chairs,Corporate,635.41,17.72,0.3,3
556,ORD-1555,2021-05-07,South,Office Supplies,Binders,Home Office,371.1,87.21,0.3,7
557,ORD-1556,2022-01-28,South,Technology,Phones,Consumer,97.12,15.99,0.2,2
558,ORD-1557,2022-10-03,South,Furniture,Chairs,Corporate,308.64,71.5,0.1,1
559,ORD-1558,2021-02-27,East,Technology,Phones,Home Office,430.13,30.13,0.1,5
560,ORD-1559,2022-09-26,East,Technology,Machines,Home Office,523.68,166.02,0.0,1
561,ORD-1560,2022-05-28,West,Technology,Accessories,Corporate,758.38,-1.79,0.2,4
562,ORD-1561,2023-01-21,Central,Technology,Machines,Corporate,315.55,29.09,0.2,7
563,ORD-1562,2023-03-13,East,Technology,Machines,Home Office,637.54,53.15,0.2,6
564,ORD-1563,2021-04-06,Central,Office Supplies,Binders,Home Office,680.77,47.23,0.3,4
565,ORD-1564,2022-09-30,East,Furniture,Bookcases,Corporate,472.57,73.82,0.1,4
566,ORD-1565,2021-04-28,East,Furniture,Chairs,Corporate,150.54,24.94,0.1,3
567,ORD-1566,2022-07-14,West,Furniture,Chairs,Consumer,434.89,71.87,0.0,3
568,ORD-1567,2022-08-24,East,Furniture,Bookcases,Corporate,182.91,19.46,0.2,2
569,ORD-1568,2022-05-03,South,Furniture,Chairs,Corporate,328.44,81.08,0.1,7
570,ORD-1569,2021-08-25,West,Technology,Phones,Corporate,400.52,116.16,0.1,5
571,ORD-1570,2023-06-04,South,Technology,Machines,Corporate,308.91,16.74,0.3,7
572,ORD-1571,2023-06-16,South,Technology,Accessories,Home Office,366.42,98.21,0.1,1
573,ORD-1572,2021-09-29,West,Office Supplies,Binders,Corporate,88.8,24.72,0.2,4
574,ORD-1573,2021-07-08,Central,Furniture,Tables,Home Office,44.13,2.74,0.3,4
575,ORD-1574,2022-12-05,South,Office Supplies,Binders,Corporate,784.49,169.54,0.0,2
576,ORD-1575,2022-03-23,West,Furniture,Tables,Consumer,151.3,45.4,0.0,3
577,ORD-1576,2022-08-04,West,Office Supplies,Storage,Home Office,297.82,29.13,0.1,3
578,ORD-1577,2023-03-01,Central,Technology,Machines,Consumer,158.19,24.16,0.0,4
579,ORD-1578,2023-05-11,Central,Technology,Machines,Corporate,203.33,31.99,0.2,3
580,ORD-1579,2021-09-04,Central,Office Supplies,Binders,Corporate,148.89,4.73,0.2,3
581,ORD-1580,2021-03-17,Central,Technology,Machines,Corporate,137.41,22.9,0.1,3
582,ORD-1581,2021-06-03,South,Furniture,Chairs,Consumer,630.26,160.15,0.2,6
583,ORD-1582,2022-10-18,Central,Technology,Machines,Home Office,464.11,73.53,0.1,7
584,ORD-1583,2022-03-11,South,Furniture,Bookcases,Corporate,328.21,70.82,0.3,5
585,ORD-1584,2021-03-27,Central,Technology,Phones,Consumer,443.56,13.18,0.2,3
586,ORD-1585,2022-11-28,Central,Technology,Accessories,Corporate,729.37,70.05,0.2,7
587,ORD-1586,2021-10-12,West,Technology,Phones,Corporate,698.58,191.24,0.0,7
588,ORD-1587,2021-08-08,South,Furniture,Tables,Home Office,117.36,29.84,0.0,1
589,ORD-1588,2021-03-10,West,Office Supplies,Paper,Corporate,704.13,176.65,0.3,3
590,ORD-1589,2021-02-16,Central,Office Supplies,Paper,Consumer,380.89,-4.53,0.3,4
591,ORD-1590,2021-04-04,Central,Office Supplies,Paper,Corporate,693.57,55.99,0.2,4
592,ORD-1591,2023-01-20,West,Technology,Machines,Corporate,242.91,53.15,0.0,7
593,ORD-1592,2022-03-29,Central,Office Supplies,Binders,Consumer,321.5,85.4,0.2,3
594,ORD-1593,2021-07-23,East,Technology,Machines,Consumer,470.28,121.49,0.2,3
595,ORD-1594,2021-08-06,West,Furniture,Chairs,Consumer,337.92,57.66,0.2,7
596,ORD-1595,2022-04-19,South,Technology,Accessories,Corporate,467.35,90.17,0.0,7
597,ORD-1596,2022-03-08,West,Technology,Machines,Consumer,105.23,-4.11,0.3,1
598,ORD-1597,2021-12-07,West,Technology,Phones,Corporate,680.64,21.86,0.3,7
599,ORD-1598,2022-07-05,East,Office Supplies,Storage,Consumer,709.1,-0.54,0.2,7
600,ORD-1599,2022-09-04,Central,Office Supplies,Paper,Home Office,508.74,106.94,0.2,2
601,ORD-1600,2021-10-16,West,Technology,Machines,Corporate,391.94,23.19,0.0,3
602,ORD-1601,2021-09-11,Central,Furniture,Bookcases,Home Office,560.18,117.51,0.1,5
603,ORD-1602,2023-01-04,West,Technology,Machines,Home Office,299.8,35.98,0.1,3
604,ORD-1603,2021-12-23,Central,Furniture,Bookcases,Consumer,184.35,53.1,0.0,3
605,ORD-1604,2021-01-23,East,Office Supplies,Paper,Corporate,798.3,206.28,0.3,7
606,ORD-1605,2023-02-01,West,Technology,Machines,Consumer,21.81,4.61,0.2,1
607,ORD-1606,2022-06-06,South,Technology,Phones,Consumer,513.67,16.88,0.2,5
608,ORD-1607,2023-01-28,East,Office Supplies,Paper,Consumer,661.1,185.0,0.0,4
609,ORD-1608,2023-04-17,East,Office Supplies,Paper,Consumer,566.03,9.39,0.2,1
610,ORD-1609,2021-04-10,Central,Office Supplies,Binders,Corporate,584.06,83.09,0.1,6
611,ORD-1610,2023-03-13,Central,Technology,Machines,Home Office,39.11,3.7,0.2,3
612,ORD-1611,2021-06-29,West,Office Supplies,Binders,Corporate,513.03,171.51,0.0,2
613,ORD-1612,2021-08-11,West,Office Supplies,Storage,Home Office,24.75,3.63,0.2,2
614,ORD-1613,2023-02-01,South,Office Supplies,Storage,Corporate,79.95,19.4,0.2,4
615,ORD-1614,2022-10-21,Central,Technology,Machines,Consumer,571.53,2.03,0.3,2
616,ORD-1615,2022-03-18,West,Technology,Phones,Corporate,334.24,17.83,0.2,2
617,ORD-1616,2022-08-31,South,Technology,Machines,Home Office,239.18,11.42,0.3,6
618,ORD-1617,2023-02-08,South,Technology,Machines,Consumer,227.61,26.5,0.1,5
619,ORD-1618,2021-11-21,East,Furniture,Tables,Home Office,676.94,163.92,0.0,5
620,ORD-1619,2022-05-31,South,Furniture,Bookcases,Home Office,46.26,4.5,0.2,1
621,ORD-1620,2021-01-16,South,Furniture,Bookcases,Corporate,612.5,157.17,0.2,7
622,ORD-1621,2023-03-03,West,Office Supplies,Binders,Corporate,696.21,136.29,0.1,6
623,ORD-1622,2021-12-02,West,Technology,Phones,Home Office,75.99,8.96,0.3,2
624,ORD-1623,2023-01-29,West,Technology,Accessories,Corporate,576.88,29.4,0.3,7
625,ORD-1624,2021-09-15,Central,Office Supplies,Paper,Corporate,450.95,11.72,0.2,3
626,ORD-1625,2022-05-12,Central,Furniture,Tables,Consumer,624.77,87.74,0.1,7
627,ORD-1626,2023-06-15,Central,Office Supplies,Storage,Consumer,241.73,64.57,0.1,7
628,ORD-1627,2021-06-09,West,Furniture,Chairs,Home Office,62.38,5.04,0.3,1
629,ORD-1628,2022-04-20,West,Technology,Phones,Home Office,20.11,5.13,0.1,2
630,ORD-1629,2023-05-02,West,Technology,Machines,Consumer,235.41,67.97,0.1,2
631,ORD-1630,2022-10-26,South,Furniture,Tables,Corporate,384.24,36.14,0.1,1
632,ORD-1631,2022-11-21,South,Furniture,Chairs,Consumer,84.52,-0.8,0.3,1
633,ORD-1632,2022-11-06,West,Furniture,Tables,Consumer,121.35,36.75,0.0,4
634,ORD-1633,2022-01-15,East,Furniture,Chairs,Consumer,466.01,134.01,0.1,5
635,ORD-1634,2022-06-29,South,Furniture,Bookcases,Consumer,349.46,46.55,0.1,4
636,ORD-1635,2022-11-22,South,Office Supplies,Binders,Home Office,546.61,139.99,0.0,2
637,ORD-1636,2022-03-03,West,Technology,Phones,Consumer,460.41,68.98,0.3,7
638,ORD-1637,2022-09-05,South,Furniture,Tables,Corporate,23.4,1.55,0.2,3
639,ORD-1638,2021-09-25,East,Technology,Accessories,Consumer,539.78,72.08,0.0,3
640,ORD-1639,2023-04-15,East,Technology,Machines,Corporate,761.6,208.07,0.2,1
641,ORD-1640,2022-07-31,West,Office Supplies,Paper,Corporate,102.18,18.42,0.2,5
642,ORD-1641,2022-02-21,South,Office Supplies,Paper,Consumer,57.59,11.49,0.0,7
643,ORD-1642,2021-06-17,West,Technology,Machines,Home Office,410.31,79.1,0.0,2
644,ORD-1643,2023-04-22,West,Office Supplies,Binders,Consumer,514.85,51.97,0.2,4
645,ORD-1644,2021-02-12,South,Furniture,Tables,Consumer,689.99,120.71,0.0,5
646,ORD-1645,2022-07-10,South,Office Supplies,Storage,Corporate,344.32,28.78,0.1,1
647,ORD-1646,2021-10-12,West,Office Supplies,Storage,Consumer,698.42,198.38,0.1,1
648,ORD-1647,2022-02-01,South,Technology,Accessories,Corporate,641.07,110.47,0.2,2
649,ORD-1648,2021-01-12,South,Technology,Phones,Home Office,327.89,50.98,0.3,2
650,ORD-1649,2022-08-30,Central,Furniture,Bookcases,Corporate,594.94,126.99,0.1,5
651,ORD-1650,2021-10-29,Central,Furniture,Tables,Corporate,552.11,44.04,0.1,4
652,ORD-1651,2023-06-17,East,Furniture,Bookcases,Corporate,86.57,8.69,0.2,1
653,ORD-1652,2021-09-10,West,Technology,Phones,Home Office,662.18,115.72,0.1,4
654,ORD-1653,2022-05-14,West,Furniture,Tables,Home Office,97.9,2.39,0.1,5
655,ORD-1654,2023-01-24,East,Furniture,Chairs,Consumer,730.63,18.85,0.1,4
656,ORD-1655,2021-02-04,South,Office Supplies,Binders,Home Office,760.1,104.79,0.2,7
657,ORD-1656,2022-12-28,South,Technology,Accessories,Corporate,277.59,38.46,0.3,5
658,ORD-1657,2023-04-29,South,Office Supplies,Storage,Consumer,381.99,-10.51,0.3,2
659,ORD-1658,2021-03-31,West,Furniture,Chairs,Home Office,548.48,52.91,0.3,7
660,ORD-1659,2023-02-15,Central,Technology,Machines,Home Office,191.45,48.4,0.3,3
661,ORD-1660,2022-08-28,Central,Furniture,Bookcases,Consumer,468.78,117.69,0.1,6
662,ORD-1661,2022-08-25,West,Office Supplies,Paper,Corporate,306.83,39.79,0.0,5
663,ORD-1662,2022-02-22,West,Technology,Phones,Consumer,286.61,41.67,0.2,4
664,ORD-1663,2021-04-25,West,Furniture,Chairs,Corporate,520.65,-20.61,0.3,3
665,ORD-1664,2022-09-09,Central,Technology,Phones,Consumer,537.15,183.84,0.0,7
666,ORD-1665,2021-07-15,South,Technology,Machines,Corporate,546.95,125.56,0.3,1
667,ORD-1666,2023-04-06,West,Office Supplies,Paper,Home Office,492.79,48.0,0.3,6
668,ORD-1667,2022-05-16,West,Technology,Phones,Home Office,138.82,-2.82,0.3,1
669,ORD-1668,2022-09-18,East,Furniture,Tables,Consumer,751.16,124.11,0.1,7
670,ORD-1669,2022-05-08,South,Office Supplies,Storage,Consumer,66.58,-1.51,0.3,2
671,ORD-1670,2021-03-16,South,Office Supplies,Storage,Corporate,792.36,178.72,0.2,4
672,ORD-1671,2022-02-17,West,Office Supplies,Storage,Home Office,444.7,70.44,0.2,6
673,ORD-1672,2022-01-11,Central,Technology,Machines,Home Office,305.23,63.39,0.2,7
674,ORD-1673,2022-02-24,East,Office Supplies,Binders,Consumer,129.83,35.59,0.1,3
675,ORD-1674,2022-12-30,East,Office Supplies,Binders,Corporate,471.07,134.02,0.2,4
676,ORD-1675,2021-10-04,East,Furniture,Chairs,Consumer,322.77,49.33,0.3,1
677,ORD-1676,2023-01-31,South,Technology,Machines,Corporate,289.25,17.7,0.3,6
678,ORD-1677,2022-11-07,South,Technology,Machines,Home Office,386.59,3.17,0.2,6
679,ORD-1678,2022-01-29,West,Technology,Accessories,Home Office,68.52,22.56,0.0,4
680,ORD-1679,2023-05-19,Central,Technology,Machines,Home Office,512.12,1.73,0.2,1
681,ORD-1680,2022-04-02,East,Furniture,Tables,Home Office,767.19,167.5,0.2,5
682,ORD-1681,2021-07-11,Central,Technology,Machines,Corporate,760.28,32.59,0.1,6
683,ORD-1682,2023-01-09,West,Technology,Machines,Corporate,744.36,117.53,0.1,2
684,ORD-1683,2022-11-20,East,Furniture,Chairs,Corporate,160.64,0.51,0.2,6
685,ORD-1684,2021-04-09,West,Technology,Accessories,Home Office,693.89,15.79,0.3,3
686,ORD-1685,2022-07-02,South,Technology,Machines,Consumer,545.99,188.02,0.0,5
687,ORD-1686,2021-04-06,Central,Office Supplies,Storage,Consumer,431.24,26.99,0.2,6
688,ORD-1687,2022-10-26,East,Technology,Machines,Consumer,104.94,25.76,0.3,3
689,ORD-1688,2022-10-25,East,Furniture,Chairs,Corporate,785.29,90.89,0.0,5
690,ORD-1689,2021-07-09,South,Furniture,Chairs,Consumer,360.86,15.46,0.2,6
691,ORD-1690,2023-01-06,South,Furniture,Bookcases,Consumer,505.43,12.26,0.1,4
692,ORD-1691,2021-02-06,Central,Furniture,Chairs,Consumer,638.22,61.6,0.2,1
693,ORD-1692,2023-02-19,South,Office Supplies,Binders,Corporate,768.91,258.25,0.0,2
694,ORD-1693,2022-01-04,West,Technology,Accessories,Consumer,610.7,187.04,0.0,6
695,ORD-1694,2022-11-26,East,Furniture,Bookcases,Corporate,580.3,34.59,0.2,3
696,ORD-1695,2022-06-09,East,Office Supplies,Binders,Corporate,539.95,150.13,0.2,2
697,ORD-1696,2021-10-06,South,Technology,Phones,Home Office,621.87,124.95,0.1,5
698,ORD-1697,2021-08-05,East,Office Supplies,Storage,Home Office,27.05,4.41,0.0,4
699,ORD-1698,2023-05-17,Central,Technology,Phones,Corporate,198.37,0.76,0.2,2
700,ORD-1699,2023-05-23,East,Furniture,Tables,Consumer,270.9,47.25,0.1,3
701,ORD-1700,2023-03-09,West,Furniture,Tables,Home Office,217.98,-0.27,0.2,3
702,ORD-1701,2021-09-30,West,Technology,Phones,Consumer,717.82,61.41,0.0,1
703,ORD-1702,2023-05-31,South,Furniture,Chairs,Corporate,139.97,37.21,0.2,3
704,ORD-1703,2021-03-03,West,Furniture,Bookcases,Corporate,405.85,112.95,0.0,1
705,ORD-1704,2022-08-19,West,Technology,Accessories,Consumer,515.65,96.06,0.3,3
706,ORD-1705,2023-05-30,East,Technology,Phones,Home Office,65.01,10.61,0.2,6
707,ORD-1706,2022-12-30,East,Technology,Machines,Corporate,505.19,63.3,0.0,4
708,ORD-1707,2021-12-08,South,Furniture,Chairs,Consumer,467.6,101.46,0.1,2
709,ORD-1708,2022-02-01,South,Furniture,Bookcases,Corporate,723.74,213.84,0.1,4
710,ORD-1709,2022-11-30,Central,Office Supplies,Binders,Home Office,41.46,2.33,0.2,1
711,ORD-1710,2021-01-19,Central,Technology,Machines,Corporate,198.38,20.35,0.0,2
712,ORD-1711,2021-06-26,South,Furniture,Tables,Consumer,550.05,184.34,0.0,5
713,ORD-1712,2022-09-04,West,Technology,Machines,Corporate,580.94,77.86,0.3,3
714,ORD-1713,2022-01-31,Central,Furniture,Chairs,Home Office,274.54,20.52,0.2,4
715,ORD-1714,2022-03-21,West,Furniture,Bookcases,Home Office,355.48,97.38,0.2,5
716,ORD-1715,2021-08-21,South,Technology,Phones,Home Office,347.17,71.85,0.3,4
717,ORD-1716,2021-03-17,Central,Furniture,Bookcases,Corporate,408.08,8.71,0.3,1
718,ORD-1717,2021-09-22,South,Technology,Machines,Consumer,250.64,54.27,0.3,4
719,ORD-1718,2022-03-31,East,Furniture,Bookcases,Home Office,516.11,5.52,0.2,7
720,ORD-1719,2023-03-07,Central,Office Supplies,Binders,Home Office,706.01,122.02,0.0,3
721,ORD-1720,2022-12-19,Central,Furniture,Bookcases,Corporate,671.94,180.1,0.0,5
722,ORD-1721,2023-01-05,West,Office Supplies,Paper,Home Office,621.48,166.21,0.1,2
723,ORD-1722,2022-01-19,West,Office Supplies,Storage,Corporate,703.19,2.55,0.2,4
724,ORD-1723,2022-07-18,East,Furniture,Bookcases,Home Office,351.68,58.92,0.0,5
725,ORD-1724,2023-05-01,Central,Furniture,Bookcases,Consumer,617.13,140.17,0.0,4
726,ORD-1725,2022-05-21,South,Office Supplies,Paper,Consumer,427.56,114.13,0.0,7
727,ORD-1726,2022-01-02,Central,Furniture,Chairs,Consumer,178.79,25.24,0.0,3
728,ORD-1727,2021-05-24,South,Office Supplies,Paper,Home Office,708.53,169.2,0.1,4
729,ORD-1728,2023-06-04,West,Technology,Machines,Home Office,261.87,49.47,0.2,7
730,ORD-1729,2021-03-10,East,Furniture,Tables,Consumer,344.44,60.89,0.0,2
731,ORD-1730,2021-04-09,West,Furniture,Tables,Corporate,718.91,189.64,0.0,3
732,ORD-1731,2022-01-31,South,Furniture,Bookcases,Corporate,231.72,37.37,0.0,3
733,ORD-1732,2021-01-25,East,Furniture,Chairs,Home Office,799.64,204.27,0.3,6
734,ORD-1733,2023-06-10,East,Office Supplies,Binders,Corporate,326.69,31.0,0.0,3
735,ORD-1734,2022-04-14,West,Technology,Phones,Corporate,343.29,79.92,0.1,3
736,ORD-1735,2022-04-29,East,Office Supplies,Storage,Corporate,229.84,44.85,0.1,3
737,ORD-1736,2022-07-19,South,Office Supplies,Binders,Consumer,510.18,50.81,0.1,4
738,ORD-1737,2021-05-31,Central,Office Supplies,Binders,Corporate,760.38,155.37,0.2,5
739,ORD-1738,2021-05-24,East,Office Supplies,Paper,Corporate,456.87,93.27,0.0,1
740,ORD-1739,2022-07-23,East,Office Supplies,Paper,Consumer,154.23,50.88,0.0,2
741,ORD-1740,2021-02-08,West,Furniture,Chairs,Home Office,563.82,-5.94,0.3,6
742,ORD-1741,2021-04-19,West,Furniture,Bookcases,Corporate,738.38,20.33,0.2,5
743,ORD-1742,2022-11-24,East,Office Supplies,Paper,Home Office,692.12,41.01,0.0,1
744,ORD-1743,2021-02-11,Central,Furniture,Chairs,Consumer,172.29,19.64,0.0,4
745,ORD-1744,2021-07-05,Central,Technology,Phones,Home Office,783.25,20.1,0.2,1
746,ORD-1745,2022-02-02,West,Technology,Machines,Consumer,587.1,70.8,0.2,1
747,ORD-1746,2021-08-11,West,Office Supplies,Binders,Consumer,263.35,18.15,0.1,4
748,ORD-1747,2022-09-26,South,Office Supplies,Paper,Corporate,319.8,71.84,0.2,3
749,ORD-1748,2021-05-13,Central,Office Supplies,Storage,Corporate,28.91,5.92,0.1,2
750,ORD-1749,2021-06-12,South,Furniture,Bookcases,Home Office,361.38,46.15,0.3,5
751,ORD-1750,2021-08-03,Central,Office Supplies,Paper,Consumer,657.36,138.23,0.0,3
752,ORD-1751,2023-01-03,West,Technology,Machines,Corporate,355.08,94.29,0.0,6
753,ORD-1752,2021-08-23,West,Technology,Phones,Consumer,112.42,22.48,0.3,3
754,ORD-1753,2023-04-23,Central,Office Supplies,Paper,Consumer,762.92,-0.37,0.3,2
755,ORD-1754,2022-10-20,Central,Furniture,Chairs,Home Office,650.86,53.98,0.2,7
756,ORD-1755,2023-01-21,Central,Office Supplies,Paper,Consumer,266.91,59.2,0.1,5
757,ORD-1756,2022-08-11,West,Office Supplies,Paper,Consumer,75.3,15.62,0.1,3
758,ORD-1757,2021-01-09,West,Office Supplies,Storage,Corporate,683.53,178.97,0.2,2
759,ORD-1758,2021-03-15,South,Technology,Phones,Home Office,213.06,-5.21,0.3,1
760,ORD-1759,2022-05-07,South,Technology,Accessories,Home Office,35.44,5.03,0.0,3
761,ORD-1760,2021-09-10,West,Office Supplies,Paper,Consumer,341.09,41.0,0.1,1
762,ORD-1761,2021-08-18,Central,Furniture,Bookcases,Home Office,704.83,49.69,0.0,3
763,ORD-1762,2022-06-03,Central,Technology,Accessories,Corporate,297.57,44.58,0.1,3
764,ORD-1763,2021-06-23,East,Office Supplies,Storage,Consumer,548.48,3.83,0.2,7
765,ORD-1764,2022-10-15,Central,Furniture,Bookcases,Corporate,317.52,77.01,0.0,6
766,ORD-1765,2021-06-17,East,Office Supplies,Storage,Home Office,592.12,29.43,0.2,3
767,ORD-1766,2021-06-19,East,Furniture,Chairs,Corporate,632.51,50.86,0.0,5
768,ORD-1767,2022-01-28,East,Furniture,Tables,Home Office,273.7,32.74,0.2,1
769,ORD-1768,2023-03-06,West,Office Supplies,Binders,Consumer,28.95,5.08,0.1,1
770,ORD-1769,2022-09-26,Central,Technology,Phones,Consumer,100.43,5.42,0.1,6
771,ORD-1770,2021-07-13,East,Technology,Accessories,Consumer,453.29,104.88,0.1,1
772,ORD-1771,2022-06-01,Central,Furniture,Chairs,Consumer,179.46,30.38,0.0,3
773,ORD-1772,2021-01-29,Central,Technology,Accessories,Consumer,492.28,81.18,0.1,2
774,ORD-1773,2021-06-14,East,Technology,Phones,Corporate,244.22,55.42,0.1,2
775,ORD-1774,2022-02-26,South,Office Supplies,Binders,Consumer,490.84,20.44,0.2,7
776,ORD-1775,2021-12-05,Central,Office Supplies,Storage,Corporate,762.11,90.78,0.2,4
777,ORD-1776,2022-10-10,West,Office Supplies,Paper,Consumer,487.25,-6.03,0.3,2
778,ORD-1777,2022-05-11,East,Office Supplies,Storage,Consumer,228.57,52.83,0.1,6
779,ORD-1778,2021-12-31,South,Technology,Phones,Consumer,215.7,33.48,0.1,6
780,ORD-1779,2023-04-13,East,Technology,Phones,Consumer,264.07,9.2,0.3,2
781,ORD-1780,2021-12-08,Central,Furniture,Chairs,Home Office,695.55,59.21,0.0,1
782,ORD-1781,2022-05-15,West,Furniture,Bookcases,Corporate,140.77,7.59,0.2,3
783,ORD-1782,2022-10-19,South,Technology,Machines,Home Office,708.74,157.12,0.2,4
784,ORD-1783,2022-05-26,Central,Office Supplies,Binders,Home Office,566.89,36.93,0.0,1
785,ORD-1784,2021-11-23,West,Technology,Machines,Home Office,32.01,7.71,0.3,1
786,ORD-1785,2021-08-05,West,Furniture,Chairs,Corporate,371.2,43.11,0.0,1
787,ORD-1786,2021-10-28,West,Technology,Machines,Home Office,675.05,163.24,0.1,6
788,ORD-1787,2021-05-12,West,Office Supplies,Binders,Home Office,782.07,155.95,0.0,3
789,ORD-1788,2023-03-15,West,Furniture,Tables,Corporate,358.19,92.06,0.2,5
790,ORD-1789,2021-03-11,West,Furniture,Tables,Consumer,733.35,160.16,0.3,4
791,ORD-1790,2021-09-09,South,Office Supplies,Paper,Corporate,358.83,65.13,0.0,3
792,ORD-1791,2022-02-19,East,Furniture,Bookcases,Home Office,479.77,102.7,0.0,1
793,ORD-1792,2023-02-26,West,Technology,Machines,Consumer,208.78,4.43,0.3,7
794,ORD-1793,2022-03-21,Central,Furniture,Chairs,Consumer,175.43,0.88,0.2,4
795,ORD-1794,2023-05-26,West,Office Supplies,Storage,Home Office,30.72,2.97,0.2,6
796,ORD-1795,2021-07-01,Central,Furniture,Chairs,Corporate,231.23,53.96,0.3,3
797,ORD-1796,2021-06-16,West,Office Supplies,Storage,Corporate,377.97,20.64,0.2,1
798,ORD-1797,2021-04-01,West,Furniture,Chairs,Home Office,544.84,71.73,0.1,7
799,ORD-1798,2022-12-15,South,Office Supplies,Paper,Home Office,674.02,90.98,0.1,4
800,ORD-1799,2023-05-08,East,Office Supplies,Paper,Corporate,747.51,213.81,0.0,3
801,ORD-1800,2022-06-15,West,Furniture,Bookcases,Home Office,501.09,63.14,0.0,3
802,ORD-1801,2021-02-08,East,Technology,Machines,Home Office,426.73,94.4,0.2,1
803,ORD-1802,2021-05-06,West,Technology,Accessories,Home Office,738.2,191.87,0.1,7
804,ORD-1803,2022-03-27,South,Technology,Phones,Corporate,229.71,53.88,0.3,5
805,ORD-1804,2021-06-22,Central,Technology,Machines,Home Office,539.84,105.92,0.3,2
806,ORD-1805,2022-10-15,West,Furniture,Tables,Corporate,511.59,92.8,0.2,6
807,ORD-1806,2023-01-24,East,Technology,Phones,Home Office,353.53,42.6,0.3,3
808,ORD-1807,2021-08-08,West,Technology,Phones,Corporate,750.3,64.39,0.3,7
809,ORD-1808,2022-09-30,East,Furniture,Tables,Consumer,248.06,42.08,0.2,5
810,ORD-1809,2021-02-27,East,Office Supplies,Binders,Corporate,254.82,20.97,0.3,3
811,ORD-1810,2022-10-22,East,Technology,Phones,Home Office,403.05,9.27,0.3,1
812,ORD-1811,2022-04-21,South,Technology,Machines,Corporate,616.26,14.45,0.1,1
813,ORD-1812,2022-04-01,South,Furniture,Chairs,Home Office,222.98,11.94,0.1,5
814,ORD-1813,2023-04-09,East,Furniture,Bookcases,Corporate,74.98,22.7,0.1,2
815,ORD-1814,2023-06-14,West,Furniture,Tables,Corporate,707.72,210.86,0.0,3
816,ORD-1815,2021-12-27,East,Furniture,Bookcases,Consumer,106.14,5.56,0.0,4
817,ORD-1816,2021-01-01,Central,Furniture,Chairs,Corporate,214.97,27.09,0.3,1
818,ORD-1817,2022-01-22,Central,Office Supplies,Storage,Home Office,298.37,3.88,0.2,1
819,ORD-1818,2021-12-14,South,Technology,Phones,Home Office,665.93,195.87,0.1,5
820,ORD-1819,2021-07-09,West,Furniture,Bookcases,Corporate,274.86,36.3,0.1,2
821,ORD-1820,2022-05-20,Central,Office Supplies,Paper,Corporate,754.07,109.78,0.0,5
822,ORD-1821,2021-07-10,South,Furniture,Bookcases,Consumer,326.33,77.88,0.2,7
823,ORD-1822,2022-05-23,East,Technology,Phones,Consumer,171.21,44.23,0.1,7
824,ORD-1823,2022-01-04,East,Furniture,Bookcases,Consumer,673.57,86.59,0.2,6
825,ORD-1824,2022-02-13,Central,Furniture,Tables,Consumer,362.58,39.44,0.1,7
826,ORD-1825,2023-04-04,South,Office Supplies,Storage,Consumer,545.44,145.4,0.0,4
827,ORD-1826,2021-04-27,Central,Office Supplies,Storage,Corporate,199.09,23.67,0.2,7
828,ORD-1827,2021-05-14,East,Technology,Machines,Corporate,21.55,3.87,0.1,4
829,ORD-1828,2021-02-27,Central,Technology,Accessories,Corporate,421.65,76.91,0.1,6
830,ORD-1829,2022-07-10,East,Office Supplies,Paper,Consumer,34.92,7.32,0.2,3
831,ORD-1830,2022-11-16,West,Office Supplies,Binders,Corporate,208.4,43.85,0.1,3
832,ORD-1831,2022-11-03,South,Office Supplies,Binders,Corporate,193.44,21.97,0.0,3
833,ORD-1832,2021-06-22,West,Office Supplies,Binders,Corporate,211.37,13.34,0.2,7
834,ORD-1833,2023-04-09,West,Office Supplies,Storage,Home Office,202.68,43.54,0.2,3
835,ORD-1834,2023-03-26,West,Technology,Phones,Corporate,454.37,98.22,0.2,1
836,ORD-1835,2021-05-29,Central,Furniture,Chairs,Corporate,441.91,63.44,0.1,2
837,ORD-1836,2021-03-21,East,Office Supplies,Paper,Consumer,153.92,18.2,0.1,5
838,ORD-1837,2023-06-05,South,Technology,Machines,Home Office,699.01,18.62,0.1,7
839,ORD-1838,2021-08-01,East,Furniture,Tables,Home Office,110.01,21.86,0.0,5
840,ORD-1839,2021-07-22,Central,Office Supplies,Binders,Home Office,283.02,71.92,0.3,1
841,ORD-1840,2023-02-03,Central,Technology,Accessories,Corporate,180.88,50.55,0.0,3
842,ORD-1841,2021-08-17,Central,Technology,Machines,Corporate,179.37,60.17,0.0,1
843,ORD-1842,2022-11-07,Central,Technology,Machines,Corporate,34.14,10.49,0.0,3
844,ORD-1843,2021-08-15,South,Office Supplies,Binders,Home Office,389.92,99.7,0.2,3
845,ORD-1844,2022-10-21,East,Furniture,Chairs,Consumer,557.13,125.06,0.3,6
846,ORD-1845,2022-06-16,Central,Technology,Accessories,Corporate,584.29,108.56,0.3,5
847,ORD-1846,2022-03-17,South,Technology,Machines,Home Office,660.68,13.89,0.3,4
848,ORD-1847,2022-02-06,South,Furniture,Chairs,Consumer,280.23,58.7,0.0,5
849,ORD-1848,2021-02-16,East,Furniture,Chairs,Consumer,163.08,23.05,0.1,7
850,ORD-1849,2021-08-21,West,Furniture,Chairs,Corporate,383.72,66.35,0.0,1
851,ORD-1850,2021-11-01,East,Furniture,Bookcases,Corporate,646.76,48.03,0.2,2
852,ORD-1851,2022-06-10,South,Technology,Accessories,Home Office,72.24,11.83,0.1,7
853,ORD-1852,2021-05-23,South,Technology,Phones,Home Office,442.57,94.88,0.3,4
854,ORD-1853,2022-02-19,Central,Technology,Accessories,Consumer,525.69,97.33,0.0,5
855,ORD-1854,2022-05-28,West,Technology,Machines,Consumer,646.98,38.47,0.2,5
856,ORD-1855,2022-01-08,South,Office Supplies,Paper,Consumer,456.07,83.88,0.0,3
857,ORD-1856,2022-07-20,South,Office Supplies,Storage,Corporate,293.41,41.82,0.3,7
858,ORD-1857,2023-06-05,East,Furniture,Tables,Home Office,308.27,31.09,0.2,3
859,ORD-1858,2021-09-16,South,Office Supplies,Storage,Consumer,532.25,143.06,0.2,6
860,ORD-1859,2022-10-18,South,Office Supplies,Storage,Home Office,189.78,51.75,0.1,1
861,ORD-1860,2022-04-16,South,Furniture,Bookcases,Corporate,24.14,-0.27,0.3,7
862,ORD-1861,2021-01-12,West,Office Supplies,Storage,Corporate,57.95,11.01,0.3,2
863,ORD-1862,2021-11-26,West,Office Supplies,Paper,Consumer,447.47,83.02,0.3,7
864,ORD-1863,2023-01-06,East,Office Supplies,Storage,Home Office,548.43,1.15,0.3,5
865,ORD-1864,2023-02-23,Central,Technology,Machines,Corporate,181.65,33.18,0.3,7
866,ORD-1865,2021-12-24,East,Furniture,Bookcases,Home Office,536.74,138.01,0.2,5
867,ORD-1866,2022-02-12,West,Furniture,Bookcases,Home Office,143.77,26.97,0.3,3
868,ORD-1867,2022-10-30,South,Furniture,Bookcases,Corporate,357.87,102.62,0.1,5
869,ORD-1868,2022-01-08,Central,Technology,Accessories,Home Office,442.48,29.62,0.1,2
870,ORD-1869,2021-01-08,Central,Furniture,Tables,Corporate,343.68,24.5,0.2,3
871,ORD-1870,2021-05-02,South,Office Supplies,Paper,Corporate,164.59,18.84,0.0,6
872,ORD-1871,2021-12-14,Central,Furniture,Bookcases,Consumer,697.54,120.06,0.1,7
873,ORD-1872,2022-11-07,Central,Furniture,Chairs,Consumer,455.18,104.17,0.1,4
874,ORD-1873,2021-03-31,South,Office Supplies,Binders,Home Office,366.21,68.79,0.2,1
875,ORD-1874,2022-10-10,East,Office Supplies,Binders,Consumer,232.12,41.78,0.1,3
876,ORD-1875,2022-11-29,West,Furniture,Bookcases,Corporate,752.47,65.85,0.1,6
877,ORD-1876,2021-11-12,East,Office Supplies,Paper,Home Office,230.22,22.78,0.3,6
878,ORD-1877,2021-06-27,East,Furniture,Bookcases,Consumer,190.6,39.48,0.3,2
879,ORD-1878,2022-06-24,South,Furniture,Bookcases,Corporate,536.34,126.84,0.2,7
880,ORD-1879,2023-01-02,South,Office Supplies,Binders,Consumer,786.98,-10.61,0.3,5
881,ORD-1880,2023-05-19,West,Office Supplies,Binders,Home Office,603.31,108.42,0.0,1
882,ORD-1881,2021-02-10,Central,Furniture,Tables,Home Office,381.91,11.5,0.1,5
883,ORD-1882,2023-01-10,East,Furniture,Bookcases,Home Office,713.0,112.08,0.2,6
884,ORD-1883,2022-12-05,Central,Furniture,Bookcases,Home Office,540.14,80.32,0.1,6
885,ORD-1884,2022-05-17,West,Office Supplies,Paper,Home Office,712.73,128.91,0.3,7
886,ORD-1885,2021-05-25,West,Technology,Accessories,Consumer,797.0,38.49,0.1,3
887,ORD-1886,2021-07-20,Central,Technology,Accessories,Home Office,653.92,45.89,0.0,3
888,ORD-1887,2022-12-25,West,Furniture,Chairs,Corporate,799.14,215.82,0.2,3
889,ORD-1888,2022-04-06,West,Office Supplies,Binders,Consumer,649.2,14.1,0.1,3
890,ORD-1889,2023-01-02,South,Technology,Machines,Home Office,208.37,16.92,0.2,5
891,ORD-1890,2023-01-22,Central,Technology,Phones,Corporate,121.46,27.63,0.3,5
892,ORD-1891,2022-07-12,East,Furniture,Chairs,Consumer,631.32,-3.72,0.2,4
893,ORD-1892,2022-07-01,South,Office Supplies,Storage,Corporate,530.39,-2.8,0.2,7
894,ORD-1893,2021-09-10,West,Office Supplies,Binders,Consumer,616.2,142.86,0.1,4
895,ORD-1894,2022-01-25,South,Technology,Phones,Corporate,50.37,7.23,0.2,2
896,ORD-1895,2022-08-17,South,Office Supplies,Binders,Corporate,459.45,38.8,0.3,5
897,ORD-1896,2023-06-02,South,Technology,Accessories,Consumer,477.81,33.83,0.0,5
898,ORD-1897,2021-09-13,South,Furniture,Tables,Corporate,610.25,117.68,0.2,5
899,ORD-1898,2022-12-10,Central,Technology,Accessories,Corporate,323.6,42.34,0.3,7
900,ORD-1899,2023-03-26,South,Technology,Phones,Home Office,743.98,97.79,0.1,4
901,ORD-1900,2022-03-26,East,Office Supplies,Paper,Consumer,431.59,56.45,0.2,5
902,ORD-1901,2021-01-10,Central,Furniture,Tables,Consumer,785.27,171.44,0.3,2
903,ORD-1902,2023-04-04,Central,Office Supplies,Binders,Home Office,577.78,116.25,0.0,3
904,ORD-1903,2023-03-09,East,Furniture,Chairs,Corporate,669.61,129.41,0.2,2
905,ORD-1904,2021-08-30,South,Furniture,Bookcases,Corporate,105.85,4.26,0.2,5
906,ORD-1905,2021-09-08,South,Office Supplies,Paper,Home Office,62.42,12.43,0.2,1
907,ORD-1906,2023-05-27,South,Office Supplies,Paper,Corporate,74.44,4.98,0.1,7
908,ORD-1907,2021-01-05,West,Technology,Phones,Consumer,487.46,24.98,0.2,6
909,ORD-1908,2021-04-29,Central,Technology,Accessories,Home Office,375.03,47.21,0.2,6
910,ORD-1909,2023-03-12,West,Office Supplies,Binders,Consumer,152.39,25.24,0.3,1
911,ORD-1910,2022-01-09,East,Technology,Accessories,Corporate,495.56,62.48,0.2,6
912,ORD-1911,2021-03-06,West,Furniture,Tables,Consumer,554.85,100.31,0.1,2
913,ORD-1912,2021-05-26,East,Technology,Phones,Home Office,333.47,75.15,0.0,1
914,ORD-1913,2021-08-12,Central,Technology,Phones,Consumer,236.07,-3.88,0.3,3
915,ORD-1914,2021-08-27,Central,Office Supplies,Paper,Consumer,482.42,66.68,0.3,4
916,ORD-1915,2021-06-26,East,Technology,Machines,Home Office,44.76,1.31,0.3,1
917,ORD-1916,2023-02-18,West,Furniture,Bookcases,Corporate,493.34,16.72,0.3,6
918,ORD-1917,2023-05-03,West,Office Supplies,Paper,Corporate,534.06,75.02,0.2,3
919,ORD-1918,2021-10-09,South,Furniture,Bookcases,Consumer,711.15,51.65,0.3,7
920,ORD-1919,2021-03-04,Central,Furniture,Tables,Consumer,243.49,6.71,0.2,3
921,ORD-1920,2021-08-05,West,Furniture,Bookcases,Home Office,43.42,9.87,0.1,7
922,ORD-1921,2023-05-04,Central,Technology,Machines,Consumer,779.24,188.76,0.3,5
923,ORD-1922,2023-04-07,East,Furniture,Tables,Home Office,68.67,4.41,0.3,5
924,ORD-1923,2023-03-06,Central,Furniture,Chairs,Corporate,780.77,195.81,0.0,2
925,ORD-1924,2022-11-20,East,Furniture,Bookcases,Corporate,751.61,116.92,0.2,2
926,ORD-1925,2022-04-06,Central,Office Supplies,Storage,Corporate,75.41,0.79,0.3,3
927,ORD-1926,2022-09-02,West,Technology,Phones,Consumer,385.9,116.82,0.1,4
928,ORD-1927,2021-04-15,West,Furniture,Chairs,Consumer,362.0,91.2,0.3,6
929,ORD-1928,2021-04-09,Central,Furniture,Tables,Corporate,149.5,13.74,0.3,7
930,ORD-1929,2022-05-26,Central,Office Supplies,Paper,Home Office,642.67,134.43,0.1,5
931,ORD-1930,2022-01-20,Central,Technology,Machines,Home Office,201.35,41.88,0.3,4
932,ORD-1931,2022-02-09,West,Office Supplies,Paper,Home Office,297.15,41.82,0.0,4
933,ORD-1932,2023-04-03,Central,Technology,Accessories,Corporate,184.2,53.32,0.1,2
934,ORD-1933,2022-06-02,East,Furniture,Bookcases,Consumer,287.26,82.16,0.2,7
935,ORD-1934,2022-04-21,East,Office Supplies,Storage,Home Office,96.89,7.82,0.2,4
936,ORD-1935,2022-12-10,Central,Furniture,Chairs,Home Office,501.43,30.66,0.1,6
937,ORD-1936,2023-05-13,Central,Technology,Phones,Home Office,628.83,2.03,0.3,3
938,ORD-1937,2022-10-07,West,Technology,Phones,Home Office,22.45,2.39,0.3,1
939,ORD-1938,2023-05-20,Central,Furniture,Chairs,Corporate,364.56,29.87,0.2,1
940,ORD-1939,2023-02-10,East,Office Supplies,Paper,Home Office,577.85,101.46,0.0,1
941,ORD-1940,2022-03-13,East,Office Supplies,Paper,Home Office,168.77,37.52,0.0,3
942,ORD-1941,2021-01-23,East,Office Supplies,Storage,Consumer,793.58,244.95,0.0,7
943,ORD-1942,2022-07-19,East,Furniture,Chairs,Consumer,55.07,13.33,0.2,1
944,ORD-1943,2022-11-08,Central,Office Supplies,Paper,Corporate,616.83,44.07,0.3,3
945,ORD-1944,2022-12-15,Central,Office Supplies,Paper,Consumer,427.75,116.56,0.0,7
946,ORD-1945,2022-04-03,East,Technology,Machines,Consumer,456.47,123.92,0.1,7
947,ORD-1946,2021-03-24,Central,Technology,Accessories,Home Office,111.27,9.13,0.3,7
948,ORD-1947,2021-05-25,East,Technology,Accessories,Home Office,564.85,123.55,0.2,6
949,ORD-1948,2021-03-26,East,Technology,Accessories,Consumer,724.57,243.05,0.0,5
950,ORD-1949,2021-03-19,West,Furniture,Tables,Home Office,417.92,93.53,0.0,2
951,ORD-1950,2022-04-02,East,Office Supplies,Storage,Home Office,698.29,62.11,0.1,7
952,ORD-1951,2023-05-28,South,Office Supplies,Paper,Home Office,747.21,185.68,0.0,6
953,ORD-1952,2021-01-01,East,Technology,Accessories,Consumer,122.69,1.91,0.3,6
954,ORD-1953,2021-02-20,West,Furniture,Bookcases,Consumer,686.32,30.78,0.2,2
955,ORD-1954,2022-11-16,West,Technology,Phones,Home Office,724.49,172.53,0.3,7
956,ORD-1955,2022-12-18,West,Office Supplies,Binders,Consumer,465.58,133.01,0.0,3
957,ORD-1956,2023-02-11,Central,Office Supplies,Paper,Home Office,752.34,-10.45,0.3,1
958,ORD-1957,2022-03-22,South,Office Supplies,Storage,Corporate,588.98,170.08,0.0,6
959,ORD-1958,2022-03-25,South,Office Supplies,Storage,Consumer,791.05,44.42,0.2,6
960,ORD-1959,2023-05-31,West,Office Supplies,Binders,Consumer,425.66,14.86,0.3,6
961,ORD-1960,2022-05-03,South,Office Supplies,Storage,Corporate,606.31,188.68,0.0,2
962,ORD-1961,2023-03-11,East,Technology,Accessories,Consumer,61.74,11.43,0.3,6
963,ORD-1962,2021-02-03,South,Technology,Machines,Corporate,226.99,35.27,0.0,1
964,ORD-1963,2021-12-14,West,Office Supplies,Binders,Corporate,249.28,58.89,0.3,5
965,ORD-1964,2021-04-05,West,Furniture,Bookcases,Consumer,756.84,16.85,0.3,2
966,ORD-1965,2021-03-13,Central,Technology,Machines,Consumer,632.93,120.52,0.0,1
967,ORD-1966,2022-07-05,West,Technology,Phones,Consumer,622.56,59.98,0.0,2
968,ORD-1967,2021-06-03,South,Office Supplies,Storage,Corporate,613.13,103.66,0.2,7
969,ORD-1968,2021-09-07,Central,Furniture,Chairs,Corporate,749.43,104.44,0.1,6
970,ORD-1969,2022-11-05,Central,Office Supplies,Binders,Corporate,391.04,-0.34,0.2,5
971,ORD-1970,2022-03-14,South,Furniture,Bookcases,Home Office,55.45,11.27,0.0,4
972,ORD-1971,2021-04-28,Central,Furniture,Chairs,Home Office,542.63,61.29,0.3,7
973,ORD-1972,2023-02-10,Central,Technology,Phones,Corporate,116.25,-3.43,0.3,1
974,ORD-1973,2023-06-10,South,Technology,Phones,Corporate,685.33,206.8,0.0,1
975,ORD-1974,2021-11-02,East,Furniture,Bookcases,Corporate,640.89,79.93,0.2,1
976,ORD-1975,2021-09-25,East,Office Supplies,Binders,Home Office,282.09,50.04,0.3,6
977,ORD-1976,2021-02-23,Central,Furniture,Bookcases,Consumer,733.67,32.51,0.3,6
978,ORD-1977,2021-08-24,West,Office Supplies,Storage,Consumer,562.59,129.64,0.2,6
979,ORD-1978,2022-01-24,South,Furniture,Tables,Corporate,63.31,1.75,0.2,1
980,ORD-1979,2023-01-04,East,Technology,Accessories,Consumer,184.41,41.16,0.1,5
981,ORD-1980,2023-02-02,East,Office Supplies,Binders,Home Office,671.35,51.15,0.3,2
982,ORD-1981,2023-04-05,West,Technology,Phones,Home Office,268.08,79.9,0.0,6
983,ORD-1982,2022-02-05,Central,Furniture,Bookcases,Home Office,88.29,10.62,0.0,3
984,ORD-1983,2022-09-16,Central,Technology,Phones,Consumer,248.16,83.99,0.0,7
985,ORD-1984,2023-02-06,West,Office Supplies,Binders,Consumer,52.37,3.65,0.2,1
986,ORD-1985,2021-10-30,Central,Technology,Phones,Consumer,529.64,29.27,0.3,2
987,ORD-1986,2021-07-26,South,Office Supplies,Storage,Home Office,503.3,158.77,0.0,4
988,ORD-1987,2021-08-17,West,Furniture,Bookcases,Home Office,293.32,39.45,0.0,2
989,ORD-1988,2023-05-03,Central,Furniture,Bookcases,Consumer,375.38,88.14,0.1,1
990,ORD-1989,2022-08-01,West,Office Supplies,Binders,Consumer,290.57,74.69,0.3,2
991,ORD-1990,2021-03-16,East,Office Supplies,Storage,Corporate,236.94,10.35,0.1,3
992,ORD-1991,2022-03-11,Central,Office Supplies,Binders,Home Office,682.64,83.98,0.1,1
993,ORD-1992,2021-04-13,West,Office Supplies,Storage,Consumer,749.68,181.2,0.3,2
994,ORD-1993,2022-02-26,South,Furniture,Chairs,Home Office,744.33,7.05,0.3,7
995,ORD-1994,2022-12-05,South,Office Supplies,Binders,Home Office,146.98,6.16,0.3,7
996,ORD-1995,2023-02-03,Central,Office Supplies,Storage,Home Office,775.1,251.11,0.0,3
997,ORD-1996,2023-01-08,South,Office Supplies,Paper,Corporate,212.39,8.08,0.1,1
998,ORD-1997,2023-03-17,East,Technology,Machines,Consumer,605.92,25.4,0.3,3
999,ORD-1998,2021-11-02,West,Office Supplies,Storage,Home Office,725.4,61.25,0.0,3
1000,ORD-1999,2021-04-08,West,Technology,Accessories,Consumer,63.37,8.16,0.2,1
1001,ORD-2000,2023-04-30,West,Technology,Accessories,Corporate,537.55,126.4,0.1,7
1002,ORD-2001,2023-03-09,West,Technology,Machines,Home Office,709.98,132.94,0.3,4
1003,ORD-2002,2021-12-01,South,Furniture,Tables,Home Office,264.82,5.86,0.2,6
1004,ORD-2003,2023-05-09,South,Furniture,Tables,Home Office,168.68,50.95,0.1,5
1005,ORD-2004,2022-03-11,South,Office Supplies,Binders,Home Office,355.37,105.46,0.0,5
1006,ORD-2005,2022-03-23,South,Technology,Accessories,Consumer,593.24,50.47,0.0,5
1007,ORD-2006,2021-11-04,East,Office Supplies,Paper,Consumer,404.4,24.72,0.1,7
1008,ORD-2007,2021-09-06,East,Office Supplies,Paper,Corporate,358.4,80.67,0.0,2
1009,ORD-2008,2021-06-15,East,Office Supplies,Binders,Home Office,446.42,28.38,0.0,4
1010,ORD-2009,2022-04-26,South,Office Supplies,Storage,Consumer,591.74,79.54,0.3,5
1011,ORD-2010,2021-12-01,East,Technology,Machines,Corporate,660.37,116.85,0.1,3
1012,ORD-2011,2022-06-26,Central,Technology,Phones,Consumer,340.47,40.19,0.1,1
1013,ORD-2012,2023-01-29,East,Technology,Phones,Home Office,84.53,19.47,0.2,5
1014,ORD-2013,2021-04-16,South,Furniture,Tables,Home Office,97.02,18.36,0.0,3
1015,ORD-2014,2022-07-17,East,Technology,Machines,Corporate,784.84,92.52,0.0,3
1016,ORD-2015,2021-03-22,Central,Furniture,Bookcases,Consumer,483.98,125.79,0.0,3
1017,ORD-2016,2021-05-13,Central,Office Supplies,Binders,Corporate,533.8,14.37,0.3,7
1018,ORD-2017,2023-03-08,South,Furniture,Chairs,Home Office,154.57,33.15,0.2,5
1019,ORD-2018,2023-06-19,West,Furniture,Chairs,Corporate,212.07,54.09,0.3,1
1020,ORD-2019,2021-05-18,West,Technology,Accessories,Home Office,44.79,6.69,0.1,7
1021,ORD-2020,2021-07-03,Central,Technology,Phones,Home Office,132.56,0.77,0.2,4
1022,ORD-2021,2022-02-05,Central,Furniture,Chairs,Consumer,428.4,37.68,0.1,7
1023,ORD-2022,2021-11-26,West,Furniture,Tables,Consumer,468.06,104.51,0.0,6
1024,ORD-2023,2023-02-24,South,Office Supplies,Paper,Corporate,720.24,170.13,0.2,6
1025,ORD-2024,2022-05-23,West,Office Supplies,Paper,Consumer,718.79,49.43,0.3,7
1026,ORD-2025,2023-05-02,East,Office Supplies,Binders,Corporate,60.39,5.0,0.1,1
1027,ORD-2026,2021-03-10,South,Furniture,Tables,Home Office,670.98,70.21,0.3,6
1028,ORD-2027,2022-06-30,South,Furniture,Bookcases,Consumer,461.24,61.94,0.1,5
1029,ORD-2028,2023-02-13,Central,Office Supplies,Paper,Home Office,469.65,77.67,0.0,1
1030,ORD-2029,2021-02-22,Central,Furniture,Bookcases,Corporate,235.09,56.37,0.3,6
1031,ORD-2030,2022-03-26,Central,Furniture,Chairs,Home Office,549.78,123.79,0.1,1
1032,ORD-2031,2021-07-24,South,Technology,Machines,Corporate,489.31,64.92,0.2,4
1033,ORD-2032,2021-05-06,Central,Technology,Machines,Home Office,214.82,40.15,0.2,2
1034,ORD-2033,2023-01-17,West,Technology,Machines,Home Office,279.05,73.79,0.0,5
1035,ORD-2034,2021-02-12,East,Furniture,Tables,Consumer,194.71,-0.99,0.3,3
1036,ORD-2035,2023-01-22,South,Office Supplies,Paper,Home Office,623.39,117.53,0.2,1
1037,ORD-2036,2023-06-02,East,Office Supplies,Paper,Consumer,525.62,65.81,0.3,2
1038,ORD-2037,2021-04-21,South,Technology,Accessories,Corporate,670.24,37.46,0.3,5
1039,ORD-2038,2023-01-31,Central,Furniture,Chairs,Home Office,311.3,86.75,0.2,3
1040,ORD-2039,2022-10-25,Central,Technology,Accessories,Corporate,296.82,62.18,0.0,6
1041,ORD-2040,2021-07-02,Central,Office Supplies,Binders,Home Office,236.92,25.72,0.2,4
1042,ORD-2041,2023-04-28,South,Office Supplies,Storage,Corporate,453.94,94.51,0.3,6
1043,ORD-2042,2021-04-05,West,Furniture,Chairs,Corporate,141.9,10.0,0.1,5
1044,ORD-2043,2022-01-09,Central,Technology,Machines,Home Office,573.89,34.1,0.2,7
1045,ORD-2044,2022-06-04,South,Office Supplies,Paper,Home Office,590.56,84.99,0.0,2
1046,ORD-2045,2023-06-19,West,Furniture,Chairs,Corporate,711.22,70.68,0.3,7
1047,ORD-2046,2021-12-26,South,Technology,Machines,Consumer,515.62,69.97,0.0,6
1048,ORD-2047,2023-06-19,West,Technology,Phones,Home Office,606.87,19.98,0.1,5
1049,ORD-2048,2022-11-27,West,Furniture,Tables,Consumer,354.2,33.0,0.3,6
1050,ORD-2049,2021-10-08,East,Office Supplies,Paper,Corporate,134.22,7.04,0.0,2
1051,ORD-2050,2021-07-14,West,Technology,Phones,Consumer,204.97,15.11,0.3,7
1052,ORD-2051,2023-05-14,West,Furniture,Tables,Home Office,410.37,112.14,0.1,2
1053,ORD-2052,2021-07-14,East,Technology,Phones,Consumer,420.99,134.92,0.0,6
1054,ORD-2053,2022-10-29,Central,Furniture,Bookcases,Consumer,273.66,43.19,0.2,2
1055,ORD-2054,2021-04-03,South,Office Supplies,Paper,Corporate,24.98,6.47,0.0,7
1056,ORD-2055,2022-11-03,South,Technology,Accessories,Home Office,328.22,37.18,0.0,6
1057,ORD-2056,2021-03-02,West,Technology,Phones,Consumer,659.93,180.84,0.2,4
1058,ORD-2057,2022-09-26,West,Furniture,Bookcases,Corporate,318.16,22.2,0.2,3
1059,ORD-2058,2021-02-20,Central,Office Supplies,Binders,Home Office,628.55,145.23,0.0,7
1060,ORD-2059,2022-02-07,South,Furniture,Chairs,Corporate,378.53,21.24,0.1,1
1061,ORD-2060,2023-02-28,South,Technology,Phones,Consumer,174.51,36.09,0.1,7
1062,ORD-2061,2021-01-05,Central,Furniture,Bookcases,Corporate,347.48,43.07,0.3,6
1063,ORD-2062,2022-04-11,Central,Office Supplies,Storage,Home Office,625.51,44.59,0.1,7
1064,ORD-2063,2022-08-27,South,Technology,Phones,Consumer,610.68,144.9,0.1,6
1065,ORD-2064,2022-11-13,East,Office Supplies,Paper,Consumer,326.62,75.61,0.2,1
1066,ORD-2065,2023-04-09,East,Furniture,Bookcases,Home Office,536.14,32.54,0.3,2
1067,ORD-2066,2022-06-18,East,Furniture,Chairs,Consumer,202.37,48.38,0.2,6
1068,ORD-2067,2022-02-09,Central,Technology,Machines,Home Office,780.26,54.11,0.2,6
1069,ORD-2068,2023-04-18,West,Furniture,Tables,Consumer,697.36,-20.38,0.3,2
1070,ORD-2069,2022-05-28,South,Technology,Phones,Consumer,59.49,6.9,0.2,3
1071,ORD-2070,2022-10-07,West,Furniture,Tables,Corporate,326.46,87.93,0.0,6
1072,ORD-2071,2021-08-21,East,Technology,Machines,Corporate,629.66,51.59,0.2,2
1073,ORD-2072,2022-06-08,Central,Office Supplies,Storage,Corporate,478.91,105.3,0.0,6
1074,ORD-2073,2021-12-12,East,Technology,Machines,Home Office,444.47,66.94,0.2,7
1075,ORD-2074,2021-02-15,East,Office Supplies,Storage,Corporate,231.76,6.86,0.2,7
1076,ORD-2075,2022-06-30,Central,Technology,Phones,Corporate,448.9,-5.41,0.3,5
1077,ORD-2076,2021-03-19,Central,Office Supplies,Storage,Consumer,669.24,77.99,0.0,1
1078,ORD-2077,2022-12-31,Central,Furniture,Bookcases,Consumer,196.34,14.98,0.0,2
1079,ORD-2078,2023-03-24,South,Furniture,Bookcases,Home Office,94.38,-2.34,0.3,7
1080,ORD-2079,2021-03-14,West,Office Supplies,Binders,Consumer,699.14,72.66,0.1,6
1081,ORD-2080,2023-03-05,Central,Furniture,Chairs,Home Office,606.93,188.87,0.0,5
1082,ORD-2081,2021-09-06,West,Technology,Phones,Corporate,364.84,49.37,0.2,7
1083,ORD-2082,2021-02-16,East,Technology,Accessories,Corporate,433.35,23.78,0.2,5
1084,ORD-2083,2021-05-01,Central,Furniture,Bookcases,Corporate,648.24,170.64,0.2,5
1085,ORD-2084,2021-08-02,East,Office Supplies,Paper,Corporate,136.41,16.91,0.1,2
1086,ORD-2085,2021-08-27,South,Technology,Accessories,Corporate,338.6,3.86,0.3,6
1087,ORD-2086,2021-02-25,West,Furniture,Chairs,Corporate,47.04,7.12,0.0,2
1088,ORD-2087,2021-12-16,South,Technology,Accessories,Consumer,170.88,53.45,0.1,4
1089,ORD-2088,2021-04-17,West,Technology,Accessories,Consumer,711.15,38.1,0.3,1
1090,ORD-2089,2023-04-11,South,Technology,Machines,Home Office,199.4,36.78,0.2,4
1091,ORD-2090,2021-02-17,East,Furniture,Chairs,Consumer,544.46,50.27,0.0,4
1092,ORD-2091,2022-07-27,East,Office Supplies,Binders,Corporate,102.36,9.92,0.0,6
1093,ORD-2092,2021-12-03,East,Technology,Machines,Consumer,437.42,96.84,0.1,5
1094,ORD-2093,2021-01-26,Central,Office Supplies,Storage,Corporate,792.01,275.44,0.0,2
1095,ORD-2094,2023-03-15,West,Technology,Accessories,Home Office,413.6,104.72,0.3,6
1096,ORD-2095,2021-09-14,West,Technology,Accessories,Home Office,294.41,48.09,0.2,5
1097,ORD-2096,2021-01-08,Central,Technology,Accessories,Consumer,517.56,67.44,0.2,2
1098,ORD-2097,2022-09-17,South,Office Supplies,Binders,Corporate,358.8,53.19,0.1,4
1099,ORD-2098,2023-05-17,West,Office Supplies,Binders,Home Office,538.98,115.97,0.3,6
1100,ORD-2099,2021-09-10,West,Furniture,Bookcases,Consumer,38.36,7.55,0.2,1
1101,ORD-2100,2022-11-23,East,Technology,Accessories,Consumer,120.76,34.28,0.0,2
1102,ORD-2101,2022-12-20,South,Furniture,Bookcases,Home Office,428.41,-11.98,0.3,1
1103,ORD-2102,2021-10-30,Central,Furniture,Bookcases,Consumer,403.94,19.48,0.3,4
1104,ORD-2103,2022-10-01,Central,Furniture,Chairs,Home Office,629.12,41.46,0.2,4
1105,ORD-2104,2021-02-25,East,Technology,Phones,Home Office,100.22,10.66,0.1,2
1106,ORD-2105,2022-12-27,East,Furniture,Chairs,Home Office,545.59,49.39,0.0,3
1107,ORD-2106,2022-06-10,Central,Technology,Phones,Corporate,547.66,182.47,0.0,1
1108,ORD-2107,2022-04-19,East,Office Supplies,Paper,Corporate,552.38,-21.87,0.3,4
1109,ORD-2108,2021-01-28,East,Office Supplies,Paper,Corporate,235.22,13.06,0.0,2
1110,ORD-2109,2021-03-19,East,Office Supplies,Paper,Consumer,560.04,32.0,0.3,1
1111,ORD-2110,2021-08-04,Central,Office Supplies,Binders,Consumer,528.74,4.22,0.2,5
1112,ORD-2111,2022-01-21,West,Office Supplies,Paper,Home Office,492.68,83.96,0.3,3
1113,ORD-2112,2021-12-31,West,Furniture,Tables,Home Office,592.64,44.47,0.1,1
1114,ORD-2113,2022-10-28,South,Technology,Phones,Home Office,744.51,-1.55,0.3,2
1115,ORD-2114,2022-06-10,South,Furniture,Chairs,Corporate,30.67,6.2,0.3,4
1116,ORD-2115,2022-11-30,West,Technology,Phones,Corporate,396.52,58.65,0.1,4
1117,ORD-2116,2021-11-08,West,Technology,Accessories,Corporate,584.92,63.63,0.1,7
1118,ORD-2117,2023-06-02,Central,Office Supplies,Storage,Consumer,648.31,22.77,0.1,4
1119,ORD-2118,2021-01-07,West,Office Supplies,Paper,Consumer,481.77,62.23,0.3,5
1120,ORD-2119,2021-01-03,West,Furniture,Chairs,Corporate,74.13,20.16,0.1,6
1121,ORD-2120,2022-09-15,South,Office Supplies,Storage,Consumer,644.16,91.46,0.1,6
1122,ORD-2121,2023-01-20,South,Furniture,Chairs,Corporate,577.48,102.82,0.3,7
1123,ORD-2122,2021-12-29,East,Technology,Accessories,Consumer,564.31,79.93,0.3,1
1124,ORD-2123,2023-01-21,West,Office Supplies,Binders,Home Office,673.27,164.13,0.3,3
1125,ORD-2124,2022-05-23,Central,Office Supplies,Paper,Home Office,217.84,28.66,0.0,3
1126,ORD-2125,2021-10-01,Central,Furniture,Tables,Corporate,740.94,177.91,0.0,6
1127,ORD-2126,2022-05-21,West,Furniture,Tables,Consumer,365.05,87.11,0.1,1
1128,ORD-2127,2023-03-17,West,Technology,Machines,Corporate,538.74,31.36,0.1,6
1129,ORD-2128,2023-01-09,West,Furniture,Bookcases,Corporate,124.97,29.65,0.3,6
1130,ORD-2129,2023-06-02,South,Office Supplies,Binders,Consumer,736.35,85.03,0.1,3
1131,ORD-2130,2021-01-15,South,Furniture,Bookcases,Home Office,333.58,15.5,0.3,6
1132,ORD-2131,2021-07-11,East,Technology,Phones,Home Office,112.21,6.07,0.0,3
1133,ORD-2132,2022-09-23,East,Furniture,Bookcases,Consumer,298.15,10.28,0.2,6
1134,ORD-2133,2022-04-30,West,Furniture,Bookcases,Corporate,441.43,100.79,0.3,4
1135,ORD-2134,2021-01-28,East,Technology,Phones,Consumer,461.28,99.61,0.0,7
1136,ORD-2135,2022-12-15,South,Furniture,Bookcases,Consumer,448.12,98.53,0.1,5
1137,ORD-2136,2021-02-08,South,Office Supplies,Storage,Consumer,323.21,53.97,0.0,1
1138,ORD-2137,2021-09-30,East,Technology,Phones,Consumer,265.64,3.8,0.2,7
1139,ORD-2138,2021-08-19,South,Technology,Machines,Home Office,790.12,64.33,0.3,6
1140,ORD-2139,2021-03-27,South,Office Supplies,Storage,Home Office,701.42,180.54,0.2,3
1141,ORD-2140,2022-04-19,East,Technology,Machines,Home Office,653.73,106.52,0.1,1
1142,ORD-2141,2021-05-06,West,Furniture,Chairs,Home Office,334.11,102.86,0.0,5
1143,ORD-2142,2023-03-23,West,Office Supplies,Storage,Consumer,561.83,134.68,0.0,3
1144,ORD-2143,2022-06-21,South,Office Supplies,Storage,Home Office,539.96,90.73,0.3,5
1145,ORD-2144,2021-05-25,Central,Technology,Phones,Consumer,220.26,55.47,0.2,6
1146,ORD-2145,2022-06-09,South,Technology,Accessories,Home Office,795.85,139.87,0.2,5
1147,ORD-2146,2021-07-31,East,Technology,Phones,Home Office,545.49,73.84,0.0,4
1148,ORD-2147,2021-01-25,West,Furniture,Bookcases,Consumer,403.8,123.15,0.0,3
1149,ORD-2148,2022-08-03,Central,Technology,Phones,Home Office,196.31,48.89,0.3,3
1150,ORD-2149,2022-01-29,Central,Technology,Machines,Home Office,393.22,28.84,0.2,1
1151,ORD-2150,2021-03-08,East,Furniture,Tables,Home Office,87.11,20.88,0.2,3
1152,ORD-2151,2021-08-21,South,Office Supplies,Paper,Consumer,476.76,4.77,0.2,3
1153,ORD-2152,2021-04-19,East,Furniture,Chairs,Home Office,517.46,139.59,0.2,2
1154,ORD-2153,2021-05-26,East,Office Supplies,Paper,Corporate,408.54,32.58,0.3,4
1155,ORD-2154,2021-04-21,West,Office Supplies,Storage,Corporate,260.06,17.21,0.1,3
1156,ORD-2155,2021-08-16,East,Technology,Accessories,Consumer,651.74,20.01,0.2,7
1157,ORD-2156,2021-04-21,Central,Technology,Phones,Corporate,304.56,79.89,0.2,4
1158,ORD-2157,2022-04-15,West,Technology,Machines,Corporate,168.15,42.23,0.1,4
1159,ORD-2158,2021-02-03,West,Furniture,Bookcases,Consumer,299.72,62.62,0.0,5
1160,ORD-2159,2022-09-15,East,Technology,Machines,Home Office,266.3,91.22,0.0,5
1161,ORD-2160,2023-02-15,South,Furniture,Tables,Home Office,567.64,192.98,0.0,4
1162,ORD-2161,2022-01-04,East,Furniture,Bookcases,Consumer,328.83,83.14,0.0,2
1163,ORD-2162,2023-01-18,East,Office Supplies,Storage,Corporate,341.58,63.24,0.1,5
1164,ORD-2163,2022-08-18,South,Furniture,Tables,Home Office,113.95,15.26,0.3,1
1165,ORD-2164,2022-07-08,West,Office Supplies,Paper,Consumer,314.71,50.36,0.1,1
1166,ORD-2165,2022-03-01,Central,Office Supplies,Binders,Corporate,414.63,15.89,0.1,4
1167,ORD-2166,2022-09-05,South,Technology,Machines,Home Office,798.24,-4.6,0.3,4
1168,ORD-2167,2022-06-02,West,Technology,Machines,Corporate,332.55,41.78,0.2,1
1169,ORD-2168,2022-11-23,South,Furniture,Bookcases,Home Office,343.56,70.15,0.1,5
1170,ORD-2169,2021-10-09,South,Technology,Accessories,Home Office,364.79,28.85,0.3,7
1171,ORD-2170,2021-11-16,Central,Office Supplies,Storage,Home Office,343.67,63.45,0.2,2
1172,ORD-2171,2023-01-08,East,Office Supplies,Storage,Home Office,174.16,28.43,0.1,7
1173,ORD-2172,2022-03-19,South,Furniture,Tables,Consumer,429.7,60.35,0.1,4
1174,ORD-2173,2021-11-11,West,Office Supplies,Binders,Home Office,251.94,19.53,0.3,2
1175,ORD-2174,2023-05-27,West,Office Supplies,Binders,Consumer,49.71,1.13,0.3,2
1176,ORD-2175,2023-01-11,South,Furniture,Chairs,Corporate,187.63,31.63,0.2,1
1177,ORD-2176,2022-01-12,Central,Office Supplies,Binders,Home Office,96.9,6.17,0.3,3
1178,ORD-2177,2021-10-16,West,Furniture,Bookcases,Consumer,250.46,-4.06,0.3,3
1179,ORD-2178,2022-03-13,West,Office Supplies,Paper,Home Office,482.36,81.47,0.0,4
1180,ORD-2179,2022-10-24,East,Furniture,Chairs,Consumer,705.44,25.0,0.2,3
1181,ORD-2180,2021-10-04,South,Office Supplies,Paper,Corporate,309.81,22.98,0.0,6
1182,ORD-2181,2022-12-11,South,Office Supplies,Storage,Home Office,609.0,85.72,0.2,6
1183,ORD-2182,2022-08-05,Central,Office Supplies,Storage,Home Office,82.55,18.77,0.2,4
1184,ORD-2183,2022-05-18,East,Furniture,Tables,Home Office,666.35,74.69,0.1,7
1185,ORD-2184,2022-09-16,West,Technology,Phones,Corporate,753.89,110.77,0.0,2
1186,ORD-2185,2022-05-31,Central,Office Supplies,Binders,Home Office,777.33,130.78,0.0,4
1187,ORD-2186,2021-12-16,East,Furniture,Bookcases,Consumer,51.42,8.27,0.1,2
1188,ORD-2187,2023-04-23,Central,Furniture,Chairs,Corporate,472.9,25.13,0.0,2
1189,ORD-2188,2022-03-22,Central,Furniture,Tables,Corporate,395.4,113.0,0.0,6
1190,ORD-2189,2023-04-10,West,Furniture,Tables,Corporate,37.21,11.62,0.0,4
1191,ORD-2190,2021-12-16,South,Technology,Phones,Corporate,655.22,144.19,0.0,5
1192,ORD-2191,2022-08-30,Central,Office Supplies,Binders,Corporate,363.09,-11.9,0.3,4
1193,ORD-2192,2022-10-26,Central,Technology,Accessories,Corporate,62.56,2.93,0.2,2
1194,ORD-2193,2023-04-03,West,Furniture,Tables,Corporate,318.91,102.58,0.0,4
1195,ORD-2194,2021-05-17,South,Office Supplies,Binders,Corporate,57.72,8.79,0.1,3
1196,ORD-2195,2023-01-29,East,Office Supplies,Paper,Consumer,478.64,96.24,0.0,6
1197,ORD-2196,2023-06-18,South,Office Supplies,Binders,Consumer,190.18,34.13,0.2,1
1198,ORD-2197,2021-08-31,South,Furniture,Bookcases,Home Office,367.4,64.02,0.0,7
1199,ORD-2198,2022-06-27,West,Office Supplies,Storage,Home Office,442.07,37.37,0.3,3
1200,ORD-2199,2021-02-09,East,Technology,Machines,Corporate,508.01,28.6,0.0,6
